,frequency
i,1227
good,836
happy,729
you,703
love,683
to,614
a,600
the,574
s,486
day,450
it,439
thanks,438
great,360
my,288
for,284
fun,284
is,281
and,277
so,271
nice,264
hope,244
awesome,229
that,216
of,211
be,184
have,182
thank,180
was,180
all,170
like,165
mother,155
best,152
wish,152
in,151
m,151
me,149
with,146
nt,139
amazing,130
really,129
your,126
better,121
are,118
cool,113
mothers,112
much,109
just,108
glad,105
excited,99
had,98
very,97
on,95
too,94
do,92
this,91
u,90
night,89
morning,87
lol,86
well,86
cute,85
we,80
enjoy,79
e,76
haha,76
beautiful,75
pretty,73
yay,73
lovely,72
re,71
one,70
funny,68
its,67
not,66
quot,66
an,65
time,65
out,65
sweet,63
but,63
get,63
at,63
will,61
now,60
d,60
today,60
see,60
wow,60
luck,59
aww,58
am,58
loved,58
soo,58
welcome,58
would,57
he,57
wait,57
goodnight,57
got,57
oh,56
wonderful,54
as,54
go,54
mom,54
up,53
she,53
what,52
there,51
feel,51
hopefully,51
im,51
amp,50
ca,49
some,49
loves,47
her,47
can,46
new,45
work,44
going,43
sounds,43
no,42
from,42
interesting,42
t,41
everyone,41
more,41
back,40
lt,40
forward,39
looking,38
ll,38
god,37
make,37
perfect,37
home,37
l,35
star,35
they,35
want,35
fantastic,35
lucky,35
know,35
birthday,34
look,34
finally,34
show,34
y,34
looks,33
please,33
feeling,32
here,32
hoping,32
soon,31
o,31
congrats,31
favorite,31
right,31
tonight,30
sure,30
may,30
ever,29
yummy,29
na,29
could,29
think,29
enjoying,29
loving,29
life,28
having,27
ya,27
again,27
done,27
how,27
such,27
come,27
them,27
about,27
bless,27
yum,26
worth,26
him,26
fine,26
been,26
wars,26
cant,26
should,25
off,25
though,25
movie,25
liked,25
way,25
special,25
than,24
made,24
weekend,24
still,24
congratulations,24
n,24
help,24
ur,24
times,24
twitter,24
being,24
ve,24
win,23
yes,23
guys,23
bad,23
relaxing,23
need,23
thx,23
if,22
always,22
little,22
family,22
thats,21
when,21
dont,21
week,21
song,21
exciting,21
people,21
man,21
wishing,20
has,20
luv,20
were,20
moms,20
appreciate,20
worry,20
tomorrow,20
last,20
by,20
miss,20
friends,20
world,20
delicious,19
us,19
job,19
proud,19
gorgeous,19
monday,19
r,19
thing,18
music,18
omg,18
most,18
thanx,18
say,18
yeah,18
totally,17
safe,17
won,17
doing,17
wan,17
super,17
let,17
chillin,17
ok,17
then,16
hilarious,16
our,16
follow,16
does,16
big,16
next,16
hear,16
did,16
smile,16
fan,16
excellent,16
quite,16
over,16
first,15
wishes,15
feels,15
th,15
who,15
why,15
mommy,15
aw,15
after,15
never,15
everything,15
actually,15
days,14
ha,14
enjoyed,14
things,14
rock,14
watching,14
weather,14
yo,14
baby,14
stuff,14
another,14
free,14
only,13
or,13
ahh,13
evening,13
holiday,13
dreams,13
wo,13
lot,13
hugs,13
lovee,13
take,13
g,13
favourite,13
nothing,13
long,13
likes,13
girl,13
mum,13
bday,13
da,13
sleep,12
mo,12
place,12
true,12
also,12
fab,12
his,12
sunday,12
hahaha,12
friday,12
start,12
something,12
school,12
kind,12
hard,12
blessed,12
keep,12
year,12
hey,12
okay,12
woo,12
care,11
those,11
lo,11
mp,11
gon,11
crazy,11
wanted,11
h,11
talk,11
lots,11
w,11
saturday,11
blast,11
agree,11
makes,11
bed,11
two,11
live,11
ready,10
down,10
believe,10
goo,10
rest,10
fave,10
sorry,10
party,10
find,10
getting,10
around,10
went,10
working,10
trying,10
lady,10
meet,10
joy,10
awsome,10
both,10
goodmorning,10
cheers,10
myself,10
adorable,10
seeing,10
ta,10
thankyou,10
many,10
even,10
sun,10
ride,9
happiness,9
wants,9
these,9
rocks,9
c,9
hot,9
fav,9
absolutely,9
must,9
thought,9
sexy,9
real,9
nite,9
bank,9
listening,9
kids,9
save,9
easy,9
food,9
x,9
mama,9
because,9
mine,9
idea,9
productive,9
yaay,9
someone,9
dinner,9
almost,9
pleasure,9
lmao,9
tho,9
warm,9
p,9
positive,8
problem,8
deserve,8
loove,8
fo,8
hoo,8
thnx,8
present,8
person,8
far,8
guy,8
bit,8
playing,8
smart,8
cake,8
said,8
truly,8
friend,8
laugh,8
early,8
try,8
sister,8
already,8
gets,8
sweetie,8
gave,8
hug,8
fabulous,8
eating,8
easier,8
any,8
hi,8
car,8
whole,8
happ,8
give,8
thankful,8
making,8
lil,8
least,7
liking,7
interested,7
test,7
healthy,7
break,7
same,7
thinking,7
girls,7
pic,7
trek,7
successful,7
ily,7
mums,7
book,7
b,7
following,7
momma,7
afternoon,7
might,7
k,7
where,7
coffee,7
heart,7
brilliant,7
babe,7
while,7
everybody,7
wrong,7
maybe,7
support,7
drunk,7
end,7
outside,7
lov,7
wi,7
dayy,7
advice,7
game,7
chilling,7
talented,7
found,7
kinda,7
every,7
co,7
tweet,7
surprise,7
rain,6
cold,6
away,6
tired,6
yumm,6
epic,6
seriously,6
hehe,6
funn,6
play,6
woohoo,6
second,6
mood,6
fans,6
high,6
lovin,6
later,6
david,6
came,6
sense,6
cheer,6
impressed,6
al,6
nd,6
seen,6
able,6
kiss,6
sound,6
grea,6
awe,6
beach,6
helps,6
knew,6
gone,6
mate,6
dancing,6
breakfast,6
btw,6
chill,6
amusing,6
picture,6
trip,6
amazin,6
lunch,6
appreciated,6
curious,6
incredible,6
sunny,6
clean,6
summer,6
coolest,6
greatest,6
guess,6
dad,6
gift,6
alright,5
sending,5
full,5
finished,5
church,5
course,5
taylor,5
looked,5
cry,5
hang,5
URL,5
tea,5
simple,5
yayy,5
glorious,5
tweets,5
owe,5
huge,5
five,5
understand,5
single,5
cut,5
partying,5
tell,5
boo,5
matter,5
phone,5
cuz,5
ugh,5
hahah,5
grateful,5
late,5
young,5
office,5
freaking,5
boys,5
hell,5
goodness,5
oo,5
anyway,5
mr,5
worries,5
heard,5
their,5
gives,5
starbucks,5
dude,5
shows,5
laughed,5
bike,5
learn,5
cream,5
incredibly,5
fresh,5
stop,5
la,5
feelin,5
impressive,5
name,5
coming,5
years,5
til,5
anything,5
wh,5
brother,5
relax,5
ly,5
celebrating,5
songs,5
mean,5
through,5
heaven,5
call,5
ay,5
important,5
laughing,5
kick,5
taking,5
tv,5
concert,5
ice,5
money,5
into,5
bahaha,4
move,4
twilight,4
ohh,4
photos,4
memories,4
prom,4
peace,4
video,4
run,4
sweetest,4
link,4
rocking,4
mind,4
hahahaha,4
chance,4
jus,4
plus,4
change,4
neat,4
er,4
study,4
amazingly,4
drive,4
english,4
boy,4
st,4
ladies,4
tha,4
album,4
started,4
followers,4
yet,4
hair,4
freakin,4
news,4
share,4
moment,4
q,4
side,4
justin,4
honest,4
en,4
reading,4
pics,4
ah,4
pleased,4
wine,4
internet,4
seems,4
reality,4
honored,4
write,4
month,4
busy,4
missed,4
energy,4
old,4
singer,4
anymore,4
style,4
fancy,4
clever,4
awesomee,4
ev,4
photo,4
ti,4
helpful,4
yesterday,4
ing,4
catch,4
else,4
project,4
whoa,4
miley,4
driving,4
bet,4
writing,4
tip,4
mommies,4
recommend,4
puppy,4
goodbye,4
ou,4
sharing,4
apple,4
flight,4
works,4
ho,4
gud,4
mondays,4
awesomeness,4
hopes,4
happiest,4
blog,4
profile,4
happier,4
smells,4
date,4
mothersday,4
blessings,4
flowers,4
which,4
updates,4
celebrate,4
voice,4
goes,4
funniest,4
ch,4
beer,4
definitely,4
fingers,4
goodluck,4
lookin,4
fourth,4
ill,4
shes,4
adore,4
remember,4
red,4
inspired,4
mm,4
ma,4
completely,4
until,4
sick,4
john,4
ty,4
count,4
put,4
entertaining,4
couple,4
amazi,4
enough,4
use,4
quiet,4
dance,4
id,4
youu,4
walk,4
set,4
pray,4
keeping,4
history,4
cat,3
youtube,3
mummy,3
seem,3
role,3
visit,3
popular,3
taste,3
socks,3
earlier,3
buy,3
moon,3
helping,3
cheap,3
beauty,3
compliment,3
respect,3
ps,3
yah,3
fast,3
jon,3
comes,3
google,3
expected,3
ut,3
ot,3
thrilled,3
jonas,3
mark,3
watched,3
woot,3
gr8,3
whew,3
fair,3
london,3
band,3
rofl,3
dog,3
talent,3
kisses,3
luckily,3
pleasant,3
lets,3
dream,3
priceless,3
check,3
motivated,3
obsessed,3
ones,3
cuute,3
effects,3
sandwich,3
mango,3
few,3
chocolate,3
wife,3
hello,3
final,3
germany,3
voting,3
fr,3
bbq,3
session,3
yea,3
spending,3
ago,3
ooh,3
books,3
running,3
figure,3
jo,3
highly,3
nicest,3
bomb,3
quote,3
facebook,3
nom,3
actress,3
nap,3
travel,3
de,3
wa,3
ab,3
waiting,3
friendly,3
probably,3
hooray,3
te,3
daddy,3
join,3
cooler,3
roast,3
yaayy,3
site,3
fly,3
nicee,3
tw,3
especially,3
brave,3
amaze,3
raining,3
effort,3
smiles,3
waking,3
nicely,3
son,3
ht,3
helped,3
dress,3
sis,3
showing,3
hanging,3
yess,3
asleep,3
tweeting,3
house,3
hes,3
hopin,3
cried,3
problems,3
bette,3
shower,3
disney,3
listen,3
australia,3
cup,3
told,3
iphone,3
refreshing,3
shoes,3
crossed,3
perfection,3
honey,3
surprisingly,3
clothes,3
hours,3
actor,3
episode,3
truth,3
cable,3
definately,3
loss,3
website,3
yourself,3
meeting,3
ask,3
games,3
future,3
bro,3
smiling,3
bothered,3
cutest,3
hero,3
bo,3
august,3
wondering,3
sunshine,3
brothers,3
once,3
june,3
drink,3
alice,3
together,3
deal,3
class,3
graduation,3
enj,3
point,3
short,3
sorted,3
es,3
company,3
li,3
rocked,3
success,3
level,3
xd,3
cause,3
head,3
fix,3
cutie,3
proudly,3
whoo,3
saw,3
whats,3
woop,3
ff,3
word,3
handsome,3
laptop,3
rather,3
pre,3
promise,3
dnt,3
america,3
regret,3
glass,3
bought,3
read,3
ton,3
small,3
part,3
bf,3
theres,3
hurt,3
sometimes,3
alone,3
tasty,3
shall,3
trouble,3
act,3
mee,3
joke,3
cancelled,3
bother,3
indeed,3
em,3
thankfully,3
choice,3
online,2
pizza,2
thursday,2
quick,2
effect,2
decent,2
ave,2
starship,2
ai,2
hun,2
amaazing,2
sweety,2
folks,2
city,2
fool,2
finals,2
ppl,2
nigh,2
anytime,2
record,2
ar,2
extremely,2
yours,2
anyways,2
green,2
gnight,2
crash,2
cab,2
yu,2
power,2
loud,2
smoothly,2
gained,2
bear,2
yt,2
group,2
low,2
snl,2
bye,2
berry,2
tear,2
thanxx,2
chicken,2
anyone,2
drinking,2
wont,2
fascinating,2
wisdom,2
november,2
splendid,2
laundry,2
father,2
retweet,2
positivity,2
lovelovelove,2
zealand,2
suprised,2
addicted,2
replied,2
britney,2
ry,2
yup,2
loong,2
words,2
law,2
product,2
rice,2
juice,2
heavenly,2
ed,2
attitude,2
spent,2
lifesaver,2
tips,2
body,2
gt,2
kitty,2
speak,2
vids,2
pit,2
babies,2
tried,2
resting,2
famous,2
meant,2
ate,2
quickly,2
beyond,2
spirits,2
remembering,2
list,2
cheese,2
screen,2
salute,2
ol,2
tracks,2
romantic,2
nothin,2
everr,2
agreed,2
toast,2
ultimate,2
leave,2
country,2
episodes,2
slept,2
pool,2
shot,2
womp,2
superman,2
accomplished,2
killed,2
bob,2
chillaxing,2
says,2
yessir,2
trending,2
greaat,2
vista,2
ng,2
thnks,2
poor,2
ball,2
twitterverse,2
everyonee,2
partner,2
magnificent,2
perfe,2
experience,2
send,2
wished,2
musical,2
death,2
lead,2
saved,2
deserved,2
gloomy,2
mommys,2
saving,2
brought,2
leigh,2
daay,2
witty,2
per,2
sway,2
rachel,2
ni,2
amazes,2
congratss,2
everyday,2
entertained,2
dampen,2
appropriate,2
cobra,2
adding,2
happen,2
sweetheart,2
inspirational,2
team,2
messages,2
moring,2
unexpected,2
alex,2
mad,2
journey,2
entire,2
eh,2
angle,2
morrning,2
wee,2
jess,2
didnt,2
enjoyable,2
ours,2
pups,2
loveliness,2
children,2
genius,2
eat,2
drinks,2
gaskarth,2
princess,2
ba,2
cookies,2
hospital,2
turnout,2
stayed,2
favor,2
thanking,2
delight,2
everbody,2
ipod,2
men,2
wake,2
wonderfu,2
wins,2
albums,2
bloody,2
hehee,2
greeting,2
force,2
arrived,2
planned,2
dear,2
topics,2
economic,2
foods,2
queen,2
reason,2
tommy,2
aahh,2
wasnt,2
rockin,2
kudos,2
graduate,2
exited,2
page,2
pancakes,2
officially,2
distractions,2
lazy,2
decided,2
stack,2
shopping,2
havin,2
harmless,2
mc,2
hulu,2
doesnt,2
tears,2
subway,2
dark,2
fall,2
mamas,2
videos,2
ahead,2
ahaha,2
exist,2
conquered,2
safely,2
nic,2
ace,2
inspiration,2
review,2
hahahah,2
superb,2
starting,2
heavens,2
parents,2
itt,2
joyfull,2
lord,2
aim,2
practice,2
hopef,2
annoying,2
art,2
whom,2
background,2
acing,2
congratulation,2
treat,2
massage,2
traffic,2
line,2
turned,2
stronger,2
talking,2
tweeps,2
un,2
careful,2
dc,2
biggest,2
quality,2
endearing,2
handy,2
om,2
gre,2
child,2
baking,2
load,2
supernatural,2
pink,2
script,2
isnt,2
sm,2
xmen,2
aweso,2
rainy,2
theatre,2
hp,2
bles,2
loll,2
rich,2
crown,2
bright,2
degree,2
rooting,2
relaxin,2
wave,2
figured,2
college,2
refreshed,2
garden,2
title,2
uncle,2
lately,2
goin,2
opening,2
strong,2
survive,2
grown,2
wedding,2
front,2
bliss,2
palm,2
impose,2
conversation,2
golden,2
top,2
buddies,2
greatt,2
stoked,2
laughs,2
muah,2
brings,2
dreambears,2
iced,2
open,2
takes,2
praying,2
se,2
movies,2
seemed,2
denny,2
husband,2
nights,2
growing,2
complete,2
tool,2
tweeple,2
pride,2
spectacular,2
huh,2
windows,2
ts,2
prob,2
youre,2
bring,2
wifi,2
land,2
somebody,2
ja,2
zero,2
recovering,2
kill,2
beats,2
holy,2
stressed,2
congrat,2
twinz,2
cleared,2
someday,2
hella,2
tough,2
goodd,2
sleepy,2
ryan,2
forever,2
honestly,2
human,2
soldiers,2
ideas,2
deed,2
hurray,2
stomach,2
uni,2
sony,2
blogging,2
woke,2
peaceful,2
radio,2
pillow,2
beans,2
aint,2
patience,2
room,2
sad,2
greeat,2
cookie,2
fit,2
stressfree,2
hurts,2
crush,2
grand,2
calm,2
yeaah,2
winner,2
face,2
colorful,2
ere,2
aswell,2
babes,2
message,2
nine,2
sissy,2
overall,2
satisfied,2
needed,2
connection,2
blood,2
mu,2
white,2
round,2
comments,2
alot,2
milk,2
prefer,2
qu,2
twitterbugs,2
somehow,2
climb,2
bestie,2
soul,2
latest,2
minute,2
smooth,2
acting,2
without,2
guilty,2
ies,2
doin,2
besties,2
dash,2
calls,2
talkin,2
appreciat,2
mornin,2
inside,2
awes,2
ive,2
brazil,2
showers,2
wis,2
reports,2
others,2
stay,2
prosper,2
fortunately,2
mix,2
results,2
makin,2
hehehe,2
f,2
info,2
iloveyou,2
insane,2
lovelies,2
teacher,2
comfy,2
ds,2
soup,2
under,2
bride,2
gd,2
air,2
headache,2
relaxed,2
workout,2
predictable,2
female,2
watch,2
bes,2
simply,2
kickin,2
desktop,2
downtown,2
flick,2
gym,2
attack,2
awesom,2
solid,2
fella,2
reply,2
spend,2
mayer,2
legend,2
forth,2
energized,2
hurrah,2
guests,2
hate,2
icarly,2
vent,2
coo,2
chat,2
inspiring,2
piece,2
suck,2
correct,2
collection,2
cali,1
popularity,1
ome,1
cherished,1
coupons,1
momies,1
rubbing,1
grtsat,1
grabbing,1
waz,1
ble,1
waves,1
hills,1
potty,1
atm,1
sweaty,1
login,1
revive,1
haa,1
clair,1
crowded,1
shatter,1
perf,1
black,1
drizzle,1
studies,1
perfectly,1
prays,1
yaa,1
dumb,1
shirts,1
telling,1
mountains,1
hahahahahahahaa,1
polar,1
minted,1
secret,1
club,1
months,1
springfield,1
believed,1
terday,1
wrap,1
awesomely,1
paulo,1
rate,1
animated,1
feedback,1
cracking,1
enjoys,1
rolls,1
dancer,1
sushi,1
scout,1
gary,1
literally,1
photoshop,1
ri,1
international,1
sings,1
lazing,1
clutches,1
piggls,1
ordered,1
bath,1
shout,1
bands,1
commercials,1
daughtry,1
purate,1
native,1
tweethearts,1
depress,1
thn,1
ocean,1
forseeable,1
sleeping,1
pickles,1
camden,1
amma,1
thankies,1
hoped,1
mrs,1
wildflowers,1
table,1
lemon,1
aug,1
diet,1
offered,1
neemah,1
likee,1
faces,1
regular,1
ban,1
buzz,1
bound,1
tiny,1
ridin,1
enjoyi,1
viral,1
laugh.y,1
addicti,1
seattle,1
sincerely,1
cost,1
peolple,1
goonight,1
stuffs,1
wonderfur,1
bedroom,1
dope,1
migraine,1
strongly,1
charm,1
seniors,1
noting,1
bkk,1
ladiez,1
normally,1
hall,1
ck,1
concepts,1
lmfao,1
cricket,1
bestt,1
trend,1
eachother,1
parts,1
studying,1
ahahahahahahahaha,1
exact,1
explore,1
number,1
storms,1
moth,1
unbelievable,1
fu,1
discount,1
catchy,1
mindy,1
hahahahahahahahahahahaha,1
heck,1
boost,1
dippin,1
rieger,1
tummy,1
salad,1
screwing,1
guides,1
nervous,1
hottie,1
fries,1
bettering,1
nig,1
along,1
higher,1
overwheolming,1
combination,1
took,1
fuzzball,1
chattin,1
forgiving,1
funnily,1
blushing,1
decently,1
burbank,1
fabulo,1
slacking,1
dedicated,1
students,1
cruisey,1
sadness,1
xbox,1
moorree,1
roc,1
celebreting,1
grace,1
braggin,1
nanna,1
exicted,1
cleaner,1
butteflies,1
uch,1
award,1
rey,1
knowledge,1
moore,1
hahahahah,1
females,1
cheesey,1
nfg,1
oowwee,1
giggle,1
thorw,1
reds,1
everyon,1
noble,1
enlightened,1
intense,1
clapping,1
condolences,1
sensibility,1
timing,1
studio,1
shoesshoesshoes.yayyayyay.lol.i,1
ajc,1
newly,1
definitel,1
enthusiastic,1
sober,1
rubiks,1
useful,1
emma,1
scent,1
entrepreneurs,1
instead,1
smilin,1
fuckn,1
seas,1
hawaii,1
cmon,1
prett,1
blogs,1
romeo,1
whenever,1
brunch,1
curve,1
hass,1
todd,1
alison,1
ii,1
service,1
mall,1
skype,1
kid,1
kickbutt,1
mgmt,1
stroll,1
recently,1
hughes,1
bk,1
wholeheartedly,1
feelings,1
sweep,1
ending,1
concern,1
awesoome,1
handheld,1
girly,1
diagram,1
sb,1
plan,1
frappachinos,1
personally,1
ss,1
scan,1
gunna,1
kickass,1
nted,1
kelly,1
fell,1
assline,1
juz,1
antony,1
commercially,1
hmm.im,1
possible,1
dunkin,1
promises,1
hit,1
modern,1
lyrics,1
lovel,1
fp09,1
yep,1
chair,1
worl,1
rested,1
bmovie,1
greatly,1
donuts,1
racism,1
kadi,1
lego,1
cupcakes,1
visited,1
yuppie,1
ces,1
jeff,1
either,1
basement,1
alpine,1
bam,1
neglect,1
pants,1
bargain,1
duper,1
massacre,1
shooeess,1
funfunfun,1
knoow,1
shuffle,1
thankujesus,1
fail,1
convo,1
occasionally,1
waay,1
unplugging,1
pages,1
speedy,1
mozconcept,1
hobnobbed,1
nevermind,1
bud,1
mac,1
goodtimes,1
shade,1
thomas,1
liein,1
justice,1
yummyy,1
cheaper,1
stayathome,1
aptitude,1
improving,1
wives,1
superexcited,1
ellipital,1
hel,1
mornig,1
wtf,1
qt,1
cell,1
loser,1
sadly,1
hung,1
amazecore,1
bite,1
hopefuly,1
agai,1
anythig,1
amazzi,1
cycle,1
spin,1
favourites,1
finely,1
creativity,1
six,1
muaxx,1
carey,1
congrads,1
heads,1
crafty,1
difficult,1
surviving,1
cutee,1
broadway,1
mount,1
oxoxoteambreezy,1
fantabulous,1
butt,1
yuum,1
neve,1
dutch,1
url,1
sullivan,1
omigoodness,1
win1,1
cocktails,1
lauren,1
cb,1
props,1
twitters,1
waste,1
ghosts,1
teensthanks,1
paved,1
fee,1
humour,1
pal,1
crazier,1
before,1
breath,1
soothes,1
knocked,1
joyride,1
sat,1
passed,1
jobros,1
employee,1
cleaning,1
playlist,1
business,1
extra,1
thinker,1
battles,1
dreaaming,1
ashleigh,1
pervs,1
adults,1
transparency,1
delish,1
cipriano,1
chu,1
max,1
macbook,1
claire,1
eet,1
holidays,1
theirs,1
street,1
pooh,1
uninstall,1
favourtie,1
bonding,1
yoursel,1
azz,1
plce,1
board,1
stealth,1
lure,1
rep,1
fears,1
recharge,1
anywhere,1
ballerina,1
happily,1
podcast,1
earth,1
fold,1
tis,1
excuse,1
jaoo,1
ladie,1
goon,1
begin,1
gson,1
stuck,1
cook,1
hq,1
ake,1
niley,1
pop,1
whuahahhaha,1
places,1
comforting,1
heey,1
maroon,1
elementary,1
beautif,1
boyzz,1
thankyoou,1
kmf,1
shitload,1
trees,1
rays,1
jean,1
psst,1
letting,1
card,1
likey,1
shadow,1
incestuous,1
looved,1
couldnt,1
talkers,1
nds,1
lof,1
airconditioner,1
ood,1
indian,1
pleeassee,1
absolutly,1
fellow,1
lovey,1
nutritious,1
doughnuts,1
ore,1
till,1
society,1
prison,1
pleasur,1
except,1
luh,1
answer,1
steve,1
godamn,1
satisfaction,1
likable,1
xo,1
foreverr,1
editing,1
guud,1
bttr,1
swords,1
question,1
web,1
postin,1
aahaha,1
jokin,1
def,1
gl,1
ks,1
orgasmic,1
mish,1
gott,1
doubly,1
causes,1
ac,1
doc,1
steviej,1
kidding,1
halo,1
snuggled,1
goodb,1
precious,1
welc,1
gosh,1
wookieman,1
emm,1
shw,1
bett,1
goods,1
abeth,1
chin,1
cwpm,1
bun,1
efficient,1
accepted,1
robert,1
muc,1
jack,1
obviously,1
swe,1
feeding,1
conference,1
tango,1
hairdo,1
hut,1
thee,1
bea,1
boston,1
holly,1
ork,1
fact,1
pleasantly,1
forwar,1
dm,1
perform,1
tagers,1
lonley,1
intent,1
sneers,1
crosse,1
ilycecily,1
partytiime,1
lts,1
op,1
double,1
bestfriend,1
vita,1
mysore,1
commentary,1
ove,1
tiff,1
cooking,1
thanxs,1
tweetdeck,1
listenening,1
tafe,1
personified,1
qreat,1
overjoyed,1
jones,1
peek,1
kew,1
yyoouu,1
sumptuous,1
tyvm,1
twitmama,1
yall,1
calming,1
eld,1
acs,1
lindsay,1
situational,1
ski,1
velvet,1
expert,1
minnesota,1
pix,1
cycling,1
hooping,1
freaak,1
laavly,1
ikr,1
rants,1
although,1
designers,1
joyologist,1
used,1
teased,1
teens,1
successfully,1
birmingham,1
omfg,1
eyes,1
britains,1
drew,1
nder,1
quotess,1
buying,1
prep,1
anniversary,1
dandy,1
uh,1
wind,1
plis,1
trumps,1
youth,1
attics,1
problemo,1
hott,1
awake,1
thankf,1
guessing,1
awwh,1
knowing,1
dis,1
nicer,1
contacts,1
maryland,1
nikkie,1
hat,1
oven,1
park,1
accept,1
duber,1
wrote,1
hee,1
proving,1
lovers,1
eternally,1
ruin,1
itself,1
bonjour,1
dealz,1
twitting,1
stunning,1
shannon,1
iloveyoutwo,1
thoughh,1
reborn,1
dodgers,1
desserts,1
basket,1
rained,1
girlfriend,1
competition.hope,1
comics,1
lamps,1
tanning,1
beat,1
artists,1
damjust,1
occasion,1
patient,1
hardcore,1
recovery,1
british,1
thru,1
cheerios,1
generally,1
joanna,1
amazee,1
ima,1
yey,1
coz,1
confusion,1
looves,1
dangg,1
lived,1
impossible,1
july,1
exactly,1
goodnit,1
aiming,1
hahaa,1
spread,1
scratch,1
million,1
um,1
shirt,1
begonia,1
rockstars,1
thaanks,1
providence,1
enthused,1
dublin,1
sometime,1
geek,1
thoughts,1
florence,1
unny,1
deals,1
needles,1
weeks,1
character,1
lebron,1
chweet,1
bhaaji,1
twi,1
chick,1
cooked,1
bev,1
friendster,1
roadtrip,1
altered,1
stupid,1
bahah,1
competition,1
peopl,1
uld,1
restful,1
walking,1
iight,1
quesadiaas,1
okayy,1
wd,1
woowoo,1
means,1
distracted,1
smell,1
horrible,1
journalism,1
anita,1
cinnamon,1
rad,1
cs,1
thxx,1
latte,1
dismissed,1
amazning,1
gratitude,1
whahahah,1
motherss,1
generates,1
steady,1
machine,1
canada,1
oth,1
twits,1
hopeful,1
interviews,1
yeahh,1
race,1
mi.thru,1
su,1
shawna,1
sto,1
ls,1
christian,1
kirk,1
electro,1
usually,1
france,1
swedish,1
adoption,1
addicts,1
beckett,1
slippers,1
dk,1
ish,1
eftelingfun,1
translated,1
teeth,1
papa,1
italian,1
effective,1
battle,1
match,1
mummyy,1
luvin,1
elleay,1
doctors,1
utterly,1
beginning,1
wear,1
greastest,1
strawberry,1
horses,1
mindless,1
cousins,1
parties,1
stole,1
entertainment,1
overthetop,1
stadium,1
budget,1
lingerie,1
hilaarious,1
wonder,1
hve,1
fake,1
heal,1
envy,1
presents,1
golf,1
mains,1
gmornin,1
loveu,1
pr,1
questions,1
annoy,1
josie,1
purrtty,1
sweeney,1
cent,1
skillz,1
unproductive,1
sundays,1
description,1
spirit,1
swear,1
herbs,1
og,1
benjamin,1
wealthy,1
sesh,1
blo,1
dish,1
muchdeserved,1
edited,1
followed,1
whispering,1
hva,1
appology,1
fest,1
twenty,1
scones,1
hahahha,1
spell,1
paranoif,1
town,1
imma,1
relief,1
patricia,1
daughter,1
life.love.stress,1
congratulatory,1
modeling,1
graders,1
lewis,1
shining,1
xuxu,1
welldeserved,1
bothe,1
fortunate,1
personalit,1
swimming,1
specials,1
kurt,1
met,1
architect,1
button,1
greaatt,1
wii,1
sup,1
predicted,1
apps,1
adam,1
chutz,1
giving,1
reminds,1
names,1
gotten,1
fx,1
begining,1
ahahaha,1
a.wish,1
rex,1
audience,1
agreeab,1
awesomeily,1
darkest,1
overr,1
fb,1
happydance,1
luvv,1
champs,1
imagine,1
ahd,1
workshop,1
fansite,1
mostly,1
tweepsland,1
seuss,1
celebrity,1
cristo,1
pissed,1
spoke,1
stops,1
britians,1
carrie,1
sunfay,1
candy,1
safari,1
cats,1
ging,1
dvr,1
squeeze,1
shine,1
across,1
chip,1
charming,1
suggestions,1
unsettled,1
bigger,1
methings,1
influence,1
frapp,1
excite,1
worked,1
characters,1
tease,1
scenie,1
minds,1
hotness,1
prices,1
pay,1
bisquick,1
whack,1
bonfires,1
jummy,1
majors,1
wohoo,1
fixed,1
drems,1
headsup,1
wink,1
gorgeou,1
bubble,1
realized,1
miche,1
thumbs,1
model,1
exhilerating,1
inspire,1
twittering,1
yahh,1
tatasky,1
crikey,1
brad,1
lexus,1
hahahahahahaha,1
continue,1
copy,1
lily,1
beautifuul,1
blackberry,1
airtel,1
chilliin,1
maki,1
riot,1
shweet,1
motivation,1
sydney,1
subo,1
timberlake,1
challenge,1
ingis,1
amazingj,1
resist,1
shared,1
serenading,1
tour,1
hunny,1
upcoming,1
blasting,1
member,1
luvly,1
confit,1
cathylofran,1
uk,1
craz,1
considerably,1
benefiting,1
ro,1
innocence,1
pie,1
limo,1
homeless,1
angela,1
advance,1
heartwarming,1
mode,1
reasonable,1
lisa,1
whatev,1
finale,1
favs,1
gossip,1
rec,1
achievement,1
tongue,1
needs,1
gmail,1
adopt,1
preciate,1
homely,1
picnic,1
elmo,1
shaven,1
aaww,1
paranthas,1
aunt,1
nah,1
emotional,1
staying,1
perhaps,1
laughter,1
chrissy,1
system,1
lose,1
mitchel,1
sweat,1
poppin,1
wisely,1
eventful,1
rendered,1
hill,1
midterms,1
fare,1
gazing,1
treasures,1
woomp,1
longg,1
turning,1
hong,1
welcom,1
inherent,1
est,1
sumone,1
muchly,1
einstein,1
minus,1
deserves,1
dodger,1
miller,1
yal,1
pictur,1
mickey,1
placement,1
marathon,1
yeay,1
skills,1
coffe,1
fml,1
betterr,1
mentioned,1
goosebumps,1
quess,1
festive,1
reviewing,1
lights,1
euphori,1
hr,1
afraidiowe,1
celebrated,1
formidable,1
othaa,1
handbags,1
exctied,1
ashlie,1
private,1
blown,1
carry,1
dresses,1
tentside,1
thingy,1
suppo,1
mothe,1
appreci,1
matters,1
lifeline,1
giggles,1
hurr,1
giants,1
blankets,1
hahahahahahahahahah,1
laterz,1
performance,1
offensive,1
motiva,1
mcr,1
happened,1
blackberr,1
fullpage,1
recommen,1
raven,1
thankss,1
goal,1
slow,1
behave,1
route,1
rescue,1
confirmation,1
bears,1
bottle,1
brightly,1
forest,1
dollhouse,1
yard,1
recycling,1
dr,1
joan,1
andy,1
each,1
exspecially,1
witness,1
jane,1
bathroom,1
gettin,1
missinmydgbigtyme,1
geeky,1
fuunn,1
gnimorning,1
meadowbank,1
welcomed,1
aweesome,1
bastos,1
three,1
qualifying,1
coraline,1
absolutel,1
graceful,1
putting,1
tweethug,1
sa,1
frown,1
blowin,1
adoring,1
romance,1
murphys,1
torchwood,1
promo,1
bugs,1
mike,1
worr,1
sit,1
wed,1
doesn,1
thas,1
beaches,1
woulda,1
hahahahaha,1
generations,1
charlie,1
diana,1
singing,1
holla,1
excitement,1
television,1
taken,1
funnyy,1
rescued,1
puts,1
mandy,1
mommas,1
toni,1
lovingly,1
youregreat,1
hanson,1
paisley,1
daddio,1
os,1
taquito,1
cinema,1
crane,1
mindblowi,1
pull,1
humility,1
savechuck,1
score,1
jewelry,1
anna,1
s2,1
toolbar,1
cousin,1
guitars,1
ironclad,1
tune,1
judday,1
los,1
iloveyopu,1
ther,1
avid,1
wmiad,1
tarblack,1
article,1
kenan,1
dinners,1
pointing,1
died,1
argue,1
fanmail,1
birthdayy,1
calms,1
hada,1
usefu,1
moral,1
state,1
midnite,1
heater,1
partyy,1
common,1
focused,1
balancing,1
straw,1
usern,1
diane,1
heartedly,1
nose,1
payday,1
whohoo,1
delightful,1
spcn,1
turn,1
viewing,1
grr,1
eye,1
quiz,1
spider,1
battery,1
yays,1
keepin,1
juss,1
thks,1
ally,1
bask,1
pills,1
precise,1
wise,1
grandma,1
screamin,1
badluck,1
fur,1
cd,1
bouquets,1
faster,1
haahaa,1
tataindicom,1
iz,1
crucial,1
summat,1
downloaded,1
representing,1
piss,1
rs,1
fillings,1
contradiction,1
racers,1
half,1
ee,1
frappuccino,1
served,1
snack,1
rul,1
kills,1
shouldve,1
wkend,1
summe,1
producers,1
sho,1
facepanda,1
bball,1
ruled,1
scifi,1
atmosphere,1
e.r,1
spelt,1
designer,1
goodnights,1
pass,1
lonely,1
wel,1
nba,1
pai,1
bffs,1
awaiting,1
toronto,1
junction,1
tooz,1
develop,1
wishh,1
mochas,1
illuminated,1
merlin,1
applebees,1
presentation,1
missus,1
wuz,1
honour,1
plans,1
earned,1
proves,1
sgb,1
fond,1
spanish,1
toda,1
enjoye,1
heaps,1
greet,1
vegetable,1
gaga,1
ver,1
sum,1
sqeaky,1
rio,1
evie,1
africa,1
hunting,1
noo,1
king,1
favorites,1
checked,1
math,1
luvd,1
aroun,1
lif,1
admitting,1
favorit,1
flirt,1
keen,1
yoouu,1
terms,1
awh,1
booked,1
concur,1
realize,1
hapee,1
diva,1
greetings,1
sheffield,1
doo,1
hone,1
left,1
revision,1
samantha,1
audacious,1
actions,1
knows,1
hopw,1
sugar,1
water,1
animation,1
webkit,1
yer,1
sticker,1
twenty20,1
bobbi,1
rafferty,1
humble,1
archuleta,1
ended,1
bc,1
lavender,1
jazzercise,1
wit,1
twitfam,1
njoying,1
thaank,1
pril,1
summerr,1
pleease,1
amazed,1
frankie,1
esp,1
pranks,1
sonetime,1
mainstream,1
william,1
fever,1
sum1,1
slouchy,1
intrigued,1
wango,1
amazingg,1
dates,1
taxi,1
crawl,1
gee,1
palmade,1
hardly,1
el,1
direction,1
ruby,1
china,1
yayay,1
reminders,1
fruits,1
slush,1
prize,1
msning,1
custard,1
sixth,1
hai,1
pack,1
lloovvee,1
ys,1
idol,1
meal,1
nope,1
mayb,1
gtgs,1
witchu,1
mannes,1
day.every,1
during,1
mothrs,1
doll,1
flo,1
bills,1
avatar,1
contain,1
funpacked,1
distract,1
considering,1
angel,1
peeing,1
orignal,1
wowthanks,1
often,1
wonderfully,1
lynne,1
barnes,1
gambit,1
touchin,1
pure,1
chica,1
bret,1
swag,1
fiasco,1
puppyy,1
slice,1
vibes,1
chocolates,1
succesful,1
pounds,1
softball,1
topic,1
forsure,1
senior,1
vs2003,1
magic,1
prayin,1
suggest,1
systems,1
scrabbled,1
leah,1
girlfriends,1
ons,1
thoughtful,1
congratuations,1
wom,1
emails,1
fintster,1
athletes,1
xoxo,1
aracheologist,1
alaskaso,1
gu,1
revel,1
birdy,1
allmothers,1
darling,1
capture,1
whoop,1
karma,1
decorated,1
planet,1
ers,1
apart,1
played,1
cherry,1
rst,1
aced,1
pasty,1
br,1
sales,1
muses,1
puppies,1
shifts,1
lotion,1
phenomenal,1
guy.but,1
tigers,1
wierd,1
cautious,1
laid,1
plural,1
thatwouldmake1of,1
sufficient,1
surprised,1
complain,1
otes,1
af,1
xxloser,1
crying,1
noiice,1
enthusiasm,1
jemi,1
massive,1
bahamas,1
opi,1
ow,1
hairss,1
rejoice,1
darlin,1
sl,1
pick,1
excitin,1
rise,1
contentment,1
promising,1
phones,1
every1,1
annivarsary,1
spotify,1
ats,1
discrimination,1
lovies,1
recos,1
unique,1
alenka,1
eatin,1
goat,1
bruises,1
poet,1
believes,1
queens,1
lvoe,1
traveling,1
efteling,1
strings,1
picturisation,1
thors,1
jen,1
lurvee,1
negativity,1
setup,1
toys,1
allen,1
audition,1
sund,1
proper,1
luch,1
convenient,1
eaat,1
j,1
clea,1
pomchi,1
lighten,1
johnsons,1
thar,1
aha,1
supposed,1
forget,1
tiptop,1
jay,1
cars,1
combonations,1
crus,1
dying,1
statements,1
arrival,1
lambert,1
imo,1
valiantly,1
summaa,1
ripped,1
goodmoring,1
predict,1
bestest,1
depr,1
hughesy,1
belong,1
mushymushy,1
stinkin,1
mighty,1
green.im,1
monster,1
email,1
owls,1
differe,1
past,1
encourage,1
bs,1
toss,1
wearing,1
sweatshirt,1
cinematography,1
cozy,1
kittykis,1
priced,1
threshold,1
whee,1
serious,1
easily,1
commence,1
lack,1
fij,1
omgsh,1
editions,1
amazing.please,1
alwas,1
note,1
srsly,1
ring,1
dundee,1
homemade,1
touche,1
called,1
learning,1
msgs,1
heheh,1
lakers,1
msg,1
cities,1
tomarrow,1
languishing,1
dishes,1
bass,1
flow,1
savv,1
doown,1
sickness,1
hysterical,1
determination,1
recogn,1
heavenn,1
flattened,1
onion,1
olympic,1
willing,1
roar,1
mouth,1
roots,1
nonmothers,1
hrdest,1
ost,1
stereos,1
settling,1
quotes,1
season,1
ladyfriend,1
realistic,1
korea,1
proposed,1
above,1
heading,1
jumps,1
hilariously,1
somewhat,1
comforts,1
worried,1
renouncing,1
violently,1
sitting,1
device,1
backpack,1
champions,1
anny,1
fukin,1
noticed,1
belinda,1
twitterr,1
ikea,1
text,1
process,1
motherdaughters,1
blow,1
vintage,1
interview,1
waikiki,1
californi,1
audio,1
chillaxin,1
sxx2,1
dat,1
beyebles,1
butter,1
planting,1
foreword,1
smacked,1
meaningful,1
agh,1
crack,1
hopefull,1
portfolio,1
warmly,1
g00d,1
importantly,1
awesomest,1
happymothersday,1
space,1
eve,1
contribute,1
lcd,1
gla,1
yippiee,1
tricked,1
recept,1
sore,1
form,1
philly,1
mornining,1
amount,1
code,1
in34,1
librefm,1
travelling,1
wakeup,1
ease,1
classics,1
whine,1
creative,1
arranged,1
blackberries,1
rescuers,1
importan,1
killer,1
twitts,1
rivers,1
culture,1
argentina,1
falling,1
appropriately,1
handles,1
iloveyouu,1
sent,1
ple,1
consider,1
bates,1
humor,1
wereld,1
alcohol,1
loop,1
chaperone,1
meditate,1
asking,1
begins,1
lemonade,1
luckiest,1
lost,1
shudve,1
aamazing,1
dads,1
vid,1
cambs,1
swift,1
techno,1
showw,1
sits,1
carolina,1
ends,1
wayne,1
victory,1
ap,1
quit,1
suppose,1
summers,1
classy,1
ericsson,1
fastest,1
goodies,1
jk,1
vip,1
peeps,1
chan,1
az,1
frosting,1
intelligence,1
turns,1
cavs,1
wayy,1
goosh,1
doable,1
total,1
tremendously,1
pav,1
healing,1
yee,1
fanclub,1
master,1
minutes,1
grri,1
horror,1
brightens,1
nest,1
teaching,1
lorraine,1
nuts,1
remote,1
danger,1
cos,1
b4,1
overwhelmi,1
alexander,1
embracing,1
bull,1
spongebo,1
interracial,1
offer,1
snuggle,1
bitbetter,1
terri,1
gurrl,1
ra,1
wknd,1
gmorning,1
mysterio,1
ilovemymommy,1
expecting,1
sorors,1
jump,1
points,1
auntie,1
discover,1
ultra,1
martin,1
inxs,1
tomor,1
flat,1
shelves,1
lying,1
praising,1
fusion,1
dogs,1
freddie,1
hamptons,1
absolute,1
gutted,1
pictures,1
promenade,1
pain,1
whooaa,1
married,1
other,1
sequels,1
reward,1
twitterland,1
prego,1
excit,1
appointments,1
afterall,1
learned,1
letters,1
camera,1
funnier,1
lyk,1
using,1
underwood,1
rents,1
bown,1
disappoint,1
blank,1
wrestlefest,1
awesomeupdater,1
croissant,1
excelle,1
briliant,1
hook,1
step,1
straight,1
volumes,1
ben,1
groups,1
invention,1
tuner,1
invisible,1
north,1
theyve,1
duck,1
macdonalds,1
felted,1
camp,1
delicio,1
realx,1
cheered,1
architecture,1
tests,1
voted,1
hits,1
ult,1
major,1
ahahah,1
crispies,1
named,1
gnite,1
prizes,1
premium,1
nobody,1
animals,1
student,1
mus,1
wat,1
twin,1
joeman,1
sarah,1
foot,1
becoming,1
aswered,1
sweetdreams,1
wonderfull,1
hawt,1
gw,1
whered,1
status,1
entirely,1
hahahahahaha,1
freak,1
everton,1
apparently,1
infamous,1
matte,1
split,1
bak,1
wooww,1
whit,1
prejudice,1
pm,1
bu,1
toke,1
funty,1
medicine,1
mami,1
untill,1
everone,1
pattinson,1
neighborhood,1
wowyou,1
mvp,1
chopped,1
xoxox,1
sisters,1
lovees,1
ubunt,1
toy,1
whisked,1
dentists,1
dirty,1
gameresearching,1
stage,1
beatiful,1
craziness,1
ne,1
woman,1
completed,1
tablets,1
fatigue,1
sight,1
forgot,1
pwn3d,1
cross,1
outta,1
itching,1
hahahahahahahahahahahahaha,1
greek,1
particularly,1
computer,1
shinning,1
yeayy,1
lovess,1
pulling,1
faires,1
aussie,1
virtue,1
ju,1
boss,1
dimple,1
cleveland,1
sleepin,1
amused,1
weeds,1
storming,1
dan,1
network,1
increasingly,1
motiv,1
bang,1
provoking,1
frie,1
flavors,1
kean,1
injury,1
skip,1
mong,1
arrive,1
president,1
yahoo,1
drove,1
penalty,1
weathers,1
argument,1
replay,1
heather,1
socialising,1
york,1
funniset,1
transfer,1
gilbert,1
momsen,1
plays,1
sunlight,1
del,1
sort,1
cassie,1
quo,1
vegan,1
viable,1
unconditonally,1
box,1
hapy,1
gh,1
sw,1
brand,1
uot,1
amanda,1
bombb,1
kindred,1
doubt,1
earlierr,1
carefree,1
rb,1
ebm,1
lunching,1
receive,1
enlightening,1
purple,1
sharon,1
chicago,1
venues,1
behind,1
familiar,1
goodgirl,1
jellybeaniess,1
grad,1
recipe,1
dru,1
ondemand,1
freedom,1
wolverine,1
everyond,1
nun,1
snob,1
story,1
mcfly,1
standard,1
selection,1
app,1
macarena,1
badumtish,1
interessanter,1
happens,1
cu,1
cravings,1
created,1
bwahaha,1
ge,1
nashville,1
admire,1
glitch,1
honor,1
ye,1
comeback,1
picking,1
articles,1
fiance,1
rove,1
community,1
spiced,1
twitterville,1
stressors,1
tweeters,1
defo,1
sweeter,1
nan,1
subject,1
sensible,1
ilove,1
arrangement,1
oll,1
qirlsniqhtout,1
yeahhyaa,1
mommie,1
pampering,1
trillin,1
chicky,1
das,1
add,1
nippy,1
ways,1
suggesting,1
composition,1
randomly,1
basketball,1
luke,1
including,1
allowed,1
monumental,1
longer,1
environment,1
research,1
hangin,1
obession,1
morris,1
hayes,1
highlight,1
adriana,1
zoo,1
relaxation,1
leaving,1
smuts,1
sentimental,1
awessomee,1
weekends,1
sheath,1
fantastical,1
uve,1
soft,1
awhile,1
ticket,1
suggestion,1
sisa,1
pace,1
aches,1
comic,1
reflecting,1
peppermint,1
enjoyyitverymu,1
twitskies,1
partied,1
photoshoot,1
fl,1
wort,1
inlove,1
reeheally,1
badly,1
awarded,1
sling,1
cigarette,1
prayers,1
akin,1
edgefesst,1
states,1
decision,1
congradts,1
downturn,1
rum,1
nyappy,1
ce,1
engineer,1
greater,1
models,1
bookmarked,1
yourock,1
gob,1
blockbuster,1
eagles,1
mash,1
manly,1
uber,1
urs,1
gudluck,1
result,1
cooloorss,1
sparkling,1
ns,1
olive,1
aze,1
memorize,1
finish,1
smoothness,1
fuschia,1
balls,1
in_love,1
wrapped,1
bagel,1
lad,1
neck,1
winners,1
wathing,1
iloveyoumoree,1
readyy,1
cover,1
mesmerizing,1
sass,1
pumps,1
price,1
tonsils,1
mocha,1
sons,1
kong,1
ahmazing,1
fi,1
serendipity,1
understandable,1
winks,1
definition,1
cancel,1
promised,1
greentea,1
janis,1
slovakian,1
cubiclefreedomness,1
thrilling,1
rummage,1
indiana,1
gifts,1
courtesy,1
evangelizing,1
rosie,1
optimistic,1
bggeting,1
disappointed,1
jumpy,1
dressing,1
moving,1
sensation,1
britain,1
bankholiday,1
exceeded,1
cologne,1
monte,1
junior,1
neeww,1
case,1
seats,1
dreading,1
neither,1
pulls,1
diy,1
schoolbooks,1
film,1
medley,1
bringing,1
local,1
mitch,1
exciteedd,1
hottest,1
ey,1
host,1
brain,1
hangover,1
opaqueness,1
rig,1
genre,1
barets,1
auction,1
comment,1
progressive,1
loads,1
lovve,1
secure,1
celebrities,1
willdo,1
usual,1
delcious,1
reminderthx,1
version,1
amigo,1
cuteset,1
laave,1
rite,1
felicia,1
opposed,1
omgg,1
reunited,1
via,1
norwood,1
nicley,1
tls,1
endorsement,1
lifts,1
fcs,1
jackets,1
jake,1
tonig,1
proctor,1
footage,1
resturant,1
comedian,1
gear,1
colossal,1
situations,1
sumtime,1
period,1
corrected,1
situation,1
thanku,1
loveliest,1
whoohoo,1
fac,1
clearing,1
revising,1
hoilday,1
nvr,1
terrific,1
active,1
tones,1
rc,1
everywhere,1
fillin,1
own,1
lazying,1
flies,1
approve,1
amber,1
jam,1
asted,1
hobby,1
followfriday,1
cue,1
brudder,1
okok,1
lovebank,1
broadband,1
jt,1
mayday,1
myfri,1
itus,1
pointless,1
coolio,1
joe,1
brownie,1
closer,1
despite,1
bacardi,1
paid,1
charmingly,1
sta,1
sh,1
surpri,1
distraction,1
madly,1
lipstic,1
holyy,1
tuition,1
sauce,1
blogtv,1
jamie,1
adoarble,1
upgraded,1
oohh,1
hap,1
became,1
varsity,1
hu,1
felt,1
jensen,1
amazinq,1
lover,1
scared,1
riveting,1
freed,1
finding,1
controls,1
parallel,1
strawberries,1
girlie,1
survey,1
fairly,1
nks,1
damon,1
payne,1
gluten,1
since,1
vote,1
stick,1
autumn,1
kudo,1
women,1
mart,1
lmfaoo,1
earn,1
screwed,1
lautner,1
returning,1
fullterm,1
entertain,1
glamorous,1
pleasee,1
speedo,1
manage,1
wkp,1
ep,1
combo,1
ceramic,1
meds,1
pattern,1
faves,1
keyboard,1
passion,1
chats,1
answered,1
technical,1
compliments,1
birdies,1
ammazing,1
bws,1
probable,1
