,presence
i,1072.0
good,824.0
happy,722.0
you,632.0
love,670.0
to,561.0
a,560.0
the,517.0
s,470.0
day,433.0
it,396.0
thanks,436.0
great,353.0
my,266.0
for,272.0
fun,279.0
is,270.0
and,257.0
so,254.0
nice,261.0
hope,244.0
awesome,226.0
that,211.0
of,194.0
be,181.0
have,177.0
thank,179.0
was,168.0
all,165.0
like,164.0
mother,151.0
best,150.0
wish,151.0
in,142.0
m,146.0
me,144.0
with,144.0
nt,137.0
amazing,130.0
really,115.0
your,121.0
better,118.0
are,115.0
cool,113.0
mothers,103.0
much,107.0
just,107.0
glad,105.0
excited,99.0
had,95.0
very,92.0
on,94.0
too,93.0
do,88.0
this,90.0
u,79.0
night,85.0
morning,86.0
lol,85.0
well,83.0
cute,85.0
we,73.0
enjoy,79.0
e,76.0
haha,75.0
beautiful,75.0
pretty,73.0
yay,71.0
lovely,72.0
re,70.0
one,68.0
funny,68.0
its,66.0
not,66.0
quot,55.0
an,62.0
time,65.0
out,65.0
sweet,63.0
but,61.0
get,61.0
at,61.0
will,61.0
now,59.0
d,60.0
today,59.0
see,60.0
wow,60.0
luck,59.0
aww,58.0
am,57.0
loved,58.0
soo,58.0
welcome,58.0
would,54.0
he,55.0
wait,57.0
goodnight,57.0
got,57.0
oh,55.0
wonderful,54.0
as,48.0
go,54.0
mom,52.0
up,53.0
she,48.0
what,51.0
there,50.0
feel,51.0
hopefully,50.0
im,49.0
amp,46.0
ca,49.0
some,49.0
loves,45.0
her,44.0
can,45.0
new,44.0
work,44.0
going,41.0
sounds,43.0
no,41.0
from,42.0
interesting,42.0
t,41.0
everyone,41.0
more,38.0
back,40.0
lt,40.0
forward,39.0
looking,38.0
ll,38.0
god,37.0
make,37.0
perfect,37.0
home,36.0
l,35.0
star,35.0
they,35.0
want,35.0
fantastic,33.0
lucky,35.0
know,34.0
birthday,33.0
look,33.0
finally,34.0
show,34.0
y,33.0
looks,33.0
please,26.0
feeling,31.0
here,30.0
hoping,32.0
soon,31.0
o,31.0
congrats,31.0
favorite,31.0
right,31.0
tonight,30.0
sure,30.0
may,30.0
ever,28.0
yummy,29.0
na,29.0
could,29.0
think,29.0
enjoying,29.0
loving,29.0
life,28.0
having,27.0
ya,25.0
again,27.0
done,27.0
how,25.0
such,27.0
come,26.0
them,27.0
about,27.0
bless,27.0
yum,22.0
worth,26.0
him,26.0
fine,26.0
been,26.0
wars,26.0
cant,26.0
should,25.0
off,25.0
though,25.0
movie,24.0
liked,25.0
way,24.0
special,25.0
than,24.0
made,24.0
weekend,24.0
still,24.0
congratulations,24.0
n,24.0
help,24.0
ur,23.0
times,23.0
twitter,24.0
being,24.0
ve,23.0
win,22.0
yes,23.0
guys,23.0
bad,23.0
relaxing,23.0
need,23.0
thx,23.0
if,22.0
always,22.0
little,22.0
family,22.0
thats,20.0
when,21.0
dont,20.0
week,21.0
song,21.0
exciting,21.0
people,21.0
man,21.0
wishing,20.0
has,20.0
luv,20.0
were,20.0
moms,20.0
appreciate,20.0
worry,20.0
tomorrow,19.0
last,20.0
by,19.0
miss,20.0
friends,20.0
world,20.0
delicious,19.0
us,17.0
job,19.0
proud,19.0
gorgeous,19.0
monday,19.0
r,19.0
thing,18.0
music,17.0
omg,18.0
most,18.0
thanx,18.0
say,18.0
yeah,18.0
totally,17.0
safe,17.0
won,17.0
doing,17.0
wan,17.0
super,17.0
let,17.0
chillin,17.0
ok,17.0
then,16.0
hilarious,16.0
our,16.0
follow,16.0
does,16.0
big,15.0
next,16.0
hear,16.0
did,16.0
smile,14.0
fan,16.0
excellent,16.0
quite,16.0
over,15.0
first,15.0
wishes,15.0
feels,15.0
th,15.0
who,14.0
why,14.0
mommy,15.0
aw,15.0
after,15.0
never,14.0
everything,15.0
actually,15.0
days,14.0
ha,11.0
enjoyed,14.0
things,14.0
rock,14.0
watching,14.0
weather,14.0
yo,12.0
baby,14.0
stuff,14.0
another,14.0
free,14.0
only,13.0
or,12.0
ahh,13.0
evening,13.0
holiday,13.0
dreams,13.0
wo,13.0
lot,13.0
hugs,13.0
lovee,13.0
take,13.0
g,13.0
favourite,13.0
nothing,13.0
long,13.0
likes,12.0
girl,13.0
mum,12.0
bday,13.0
da,13.0
sleep,12.0
mo,12.0
place,12.0
true,12.0
also,12.0
fab,10.0
his,12.0
sunday,12.0
hahaha,12.0
friday,12.0
start,12.0
something,12.0
school,12.0
kind,12.0
hard,12.0
blessed,12.0
keep,12.0
year,12.0
hey,12.0
okay,11.0
woo,12.0
care,11.0
those,11.0
lo,11.0
mp,11.0
gon,11.0
crazy,11.0
wanted,11.0
h,11.0
talk,11.0
lots,10.0
w,11.0
saturday,11.0
blast,11.0
agree,11.0
makes,11.0
bed,11.0
two,11.0
live,11.0
ready,10.0
down,10.0
believe,10.0
goo,10.0
rest,10.0
fave,10.0
sorry,10.0
party,10.0
find,10.0
getting,10.0
around,10.0
went,10.0
working,10.0
trying,10.0
lady,10.0
meet,10.0
joy,10.0
awsome,10.0
both,10.0
goodmorning,10.0
cheers,10.0
myself,10.0
adorable,10.0
seeing,10.0
ta,10.0
thankyou,10.0
many,10.0
even,10.0
sun,10.0
ride,9.0
happiness,9.0
wants,9.0
these,9.0
rocks,9.0
c,9.0
hot,9.0
fav,9.0
absolutely,9.0
must,9.0
thought,9.0
sexy,8.0
real,9.0
nite,8.0
bank,9.0
listening,9.0
kids,9.0
save,9.0
easy,9.0
food,9.0
x,9.0
mama,9.0
because,9.0
mine,9.0
idea,9.0
productive,9.0
yaay,9.0
someone,9.0
dinner,9.0
almost,9.0
pleasure,9.0
lmao,9.0
tho,9.0
warm,9.0
p,9.0
positive,8.0
problem,8.0
deserve,8.0
loove,8.0
fo,8.0
hoo,8.0
thnx,8.0
present,8.0
person,8.0
far,8.0
guy,8.0
bit,8.0
playing,8.0
smart,8.0
cake,8.0
said,8.0
truly,8.0
friend,8.0
laugh,8.0
early,8.0
try,8.0
sister,8.0
already,8.0
gets,8.0
sweetie,8.0
gave,8.0
hug,8.0
fabulous,8.0
eating,7.0
easier,8.0
any,8.0
hi,8.0
car,8.0
whole,8.0
happ,8.0
give,8.0
thankful,8.0
making,8.0
lil,8.0
least,7.0
liking,7.0
interested,7.0
test,7.0
healthy,6.0
break,6.0
same,7.0
thinking,7.0
girls,7.0
pic,7.0
trek,7.0
successful,7.0
ily,7.0
mums,7.0
book,7.0
b,7.0
following,7.0
momma,6.0
afternoon,7.0
might,7.0
k,7.0
where,7.0
coffee,7.0
heart,7.0
brilliant,7.0
babe,7.0
while,7.0
everybody,7.0
wrong,7.0
maybe,7.0
support,7.0
drunk,5.0
end,7.0
outside,7.0
lov,7.0
wi,7.0
dayy,7.0
advice,7.0
game,7.0
chilling,7.0
talented,7.0
found,7.0
kinda,7.0
every,7.0
co,7.0
tweet,7.0
surprise,6.0
rain,6.0
cold,6.0
away,6.0
tired,6.0
yumm,6.0
epic,6.0
seriously,6.0
hehe,6.0
funn,6.0
play,6.0
woohoo,6.0
second,6.0
mood,6.0
fans,6.0
high,6.0
lovin,6.0
later,6.0
david,6.0
came,6.0
sense,6.0
cheer,6.0
impressed,6.0
al,6.0
nd,6.0
seen,6.0
able,6.0
kiss,6.0
sound,6.0
grea,6.0
awe,6.0
beach,6.0
helps,6.0
knew,6.0
gone,5.0
mate,6.0
dancing,5.0
breakfast,6.0
btw,6.0
chill,6.0
amusing,6.0
picture,6.0
trip,6.0
amazin,6.0
lunch,6.0
appreciated,6.0
curious,6.0
incredible,6.0
sunny,6.0
clean,6.0
summer,6.0
coolest,6.0
greatest,6.0
guess,6.0
dad,6.0
gift,6.0
alright,5.0
sending,5.0
full,5.0
finished,5.0
church,5.0
course,5.0
taylor,5.0
looked,5.0
cry,5.0
hang,5.0
URL,5.0
tea,5.0
simple,5.0
yayy,5.0
glorious,5.0
tweets,5.0
owe,5.0
huge,5.0
five,5.0
understand,5.0
single,4.0
cut,5.0
partying,5.0
tell,5.0
boo,5.0
matter,5.0
phone,5.0
cuz,5.0
ugh,5.0
hahah,5.0
grateful,5.0
late,5.0
young,5.0
office,5.0
freaking,5.0
boys,5.0
hell,5.0
goodness,5.0
oo,5.0
anyway,5.0
mr,5.0
worries,5.0
heard,5.0
their,5.0
gives,5.0
starbucks,5.0
dude,5.0
shows,5.0
laughed,5.0
bike,5.0
learn,5.0
cream,5.0
incredibly,5.0
fresh,5.0
stop,5.0
la,5.0
feelin,5.0
impressive,5.0
name,5.0
coming,5.0
years,5.0
til,5.0
anything,5.0
wh,5.0
brother,5.0
relax,5.0
ly,5.0
celebrating,5.0
songs,5.0
mean,5.0
through,5.0
heaven,5.0
call,5.0
ay,5.0
important,5.0
laughing,5.0
kick,5.0
taking,5.0
tv,5.0
concert,5.0
ice,5.0
money,5.0
into,5.0
bahaha,4.0
move,4.0
twilight,4.0
ohh,4.0
photos,4.0
memories,4.0
prom,4.0
peace,4.0
video,4.0
run,4.0
sweetest,4.0
link,4.0
rocking,4.0
mind,4.0
hahahaha,4.0
chance,4.0
jus,4.0
plus,4.0
change,4.0
neat,4.0
er,4.0
study,4.0
amazingly,4.0
drive,3.0
english,4.0
boy,4.0
st,4.0
ladies,4.0
tha,4.0
album,4.0
started,4.0
followers,4.0
yet,4.0
hair,4.0
freakin,4.0
news,4.0
share,4.0
moment,4.0
q,4.0
side,4.0
justin,4.0
honest,4.0
en,4.0
reading,4.0
pics,4.0
ah,4.0
pleased,4.0
wine,4.0
internet,4.0
seems,4.0
reality,4.0
honored,4.0
write,3.0
month,3.0
busy,4.0
missed,4.0
energy,4.0
old,4.0
singer,4.0
anymore,4.0
style,4.0
fancy,4.0
clever,4.0
awesomee,4.0
ev,4.0
photo,4.0
ti,4.0
helpful,4.0
yesterday,4.0
ing,4.0
catch,4.0
else,4.0
project,4.0
whoa,4.0
miley,4.0
driving,4.0
bet,4.0
writing,4.0
tip,4.0
mommies,4.0
recommend,4.0
puppy,4.0
goodbye,4.0
ou,4.0
sharing,4.0
apple,4.0
flight,4.0
works,4.0
ho,4.0
gud,4.0
mondays,4.0
awesomeness,4.0
hopes,4.0
happiest,4.0
blog,4.0
profile,4.0
happier,4.0
smells,4.0
date,4.0
mothersday,3.0
blessings,4.0
flowers,4.0
which,4.0
updates,4.0
celebrate,4.0
voice,4.0
goes,4.0
funniest,4.0
ch,4.0
beer,3.0
definitely,4.0
fingers,4.0
goodluck,4.0
lookin,4.0
fourth,4.0
ill,4.0
shes,3.0
adore,4.0
remember,4.0
red,4.0
inspired,4.0
mm,4.0
ma,4.0
completely,4.0
until,4.0
sick,4.0
john,4.0
ty,4.0
count,4.0
put,4.0
entertaining,4.0
couple,4.0
amazi,4.0
enough,4.0
use,4.0
quiet,4.0
dance,4.0
id,4.0
youu,4.0
walk,3.0
set,4.0
pray,4.0
keeping,4.0
history,4.0
cat,3.0
youtube,3.0
mummy,3.0
seem,3.0
role,3.0
visit,3.0
popular,3.0
taste,3.0
socks,3.0
earlier,3.0
buy,3.0
moon,3.0
helping,3.0
cheap,3.0
beauty,3.0
compliment,3.0
respect,3.0
ps,3.0
yah,3.0
fast,3.0
jon,3.0
comes,3.0
google,3.0
expected,3.0
ut,3.0
ot,3.0
thrilled,3.0
jonas,3.0
mark,3.0
watched,3.0
woot,3.0
gr8,3.0
whew,3.0
fair,3.0
london,3.0
band,3.0
rofl,3.0
dog,3.0
talent,3.0
kisses,3.0
luckily,3.0
pleasant,3.0
lets,3.0
dream,3.0
priceless,3.0
check,3.0
motivated,3.0
obsessed,3.0
ones,2.0
cuute,3.0
effects,3.0
sandwich,3.0
mango,1.0
few,3.0
chocolate,3.0
wife,3.0
hello,3.0
final,3.0
germany,3.0
voting,2.0
fr,3.0
bbq,3.0
session,2.0
yea,3.0
spending,3.0
ago,3.0
ooh,3.0
books,3.0
running,3.0
figure,3.0
jo,3.0
highly,3.0
nicest,3.0
bomb,3.0
quote,3.0
facebook,3.0
nom,1.0
actress,3.0
nap,3.0
travel,3.0
de,3.0
wa,3.0
ab,3.0
waiting,3.0
friendly,3.0
probably,3.0
hooray,3.0
te,3.0
daddy,3.0
join,3.0
cooler,3.0
roast,3.0
yaayy,3.0
site,3.0
fly,3.0
nicee,3.0
tw,3.0
especially,3.0
brave,3.0
amaze,3.0
raining,3.0
effort,3.0
smiles,3.0
waking,3.0
nicely,3.0
son,3.0
ht,3.0
helped,3.0
dress,3.0
sis,3.0
showing,3.0
hanging,3.0
yess,3.0
asleep,3.0
tweeting,3.0
house,3.0
hes,2.0
hopin,3.0
cried,3.0
problems,3.0
bette,3.0
shower,3.0
disney,3.0
listen,3.0
australia,3.0
cup,3.0
told,3.0
iphone,3.0
refreshing,3.0
shoes,3.0
crossed,3.0
perfection,3.0
honey,3.0
surprisingly,3.0
clothes,3.0
hours,3.0
actor,3.0
episode,3.0
truth,3.0
cable,1.0
definately,3.0
loss,3.0
website,3.0
yourself,3.0
meeting,3.0
ask,3.0
games,3.0
future,3.0
bro,3.0
smiling,3.0
bothered,3.0
cutest,3.0
hero,3.0
bo,3.0
august,3.0
wondering,3.0
sunshine,3.0
brothers,3.0
once,3.0
june,3.0
drink,3.0
alice,3.0
together,3.0
deal,3.0
class,2.0
graduation,3.0
enj,3.0
point,3.0
short,3.0
sorted,3.0
es,3.0
company,3.0
li,3.0
rocked,3.0
success,3.0
level,3.0
xd,3.0
cause,3.0
head,3.0
fix,3.0
cutie,3.0
proudly,3.0
whoo,3.0
saw,3.0
whats,2.0
woop,2.0
ff,3.0
word,3.0
handsome,3.0
laptop,3.0
rather,3.0
pre,3.0
promise,3.0
dnt,3.0
america,3.0
regret,3.0
glass,3.0
bought,3.0
read,3.0
ton,3.0
small,3.0
part,3.0
bf,3.0
theres,3.0
hurt,3.0
sometimes,3.0
alone,3.0
tasty,3.0
shall,3.0
trouble,3.0
act,3.0
mee,3.0
joke,3.0
cancelled,3.0
bother,3.0
indeed,3.0
em,3.0
thankfully,3.0
choice,3.0
online,2.0
pizza,2.0
thursday,2.0
quick,2.0
effect,2.0
decent,2.0
ave,2.0
starship,2.0
ai,2.0
hun,2.0
amaazing,2.0
sweety,2.0
folks,2.0
city,2.0
fool,1.0
finals,2.0
ppl,2.0
nigh,2.0
anytime,2.0
record,2.0
ar,2.0
extremely,2.0
yours,2.0
anyways,2.0
green,2.0
gnight,2.0
crash,2.0
cab,2.0
yu,2.0
power,2.0
loud,2.0
smoothly,2.0
gained,2.0
bear,2.0
yt,2.0
group,2.0
low,2.0
snl,2.0
bye,2.0
berry,2.0
tear,2.0
thanxx,2.0
chicken,2.0
anyone,2.0
drinking,2.0
wont,2.0
fascinating,2.0
wisdom,2.0
november,2.0
splendid,2.0
laundry,2.0
father,2.0
retweet,2.0
positivity,2.0
lovelovelove,2.0
zealand,2.0
suprised,2.0
addicted,2.0
replied,2.0
britney,2.0
ry,2.0
yup,2.0
loong,2.0
words,2.0
law,2.0
product,2.0
rice,2.0
juice,2.0
heavenly,2.0
ed,2.0
attitude,2.0
spent,1.0
lifesaver,2.0
tips,2.0
body,2.0
gt,2.0
kitty,2.0
speak,2.0
vids,2.0
pit,2.0
babies,2.0
tried,2.0
resting,2.0
famous,2.0
meant,2.0
ate,2.0
quickly,2.0
beyond,2.0
spirits,2.0
remembering,2.0
list,2.0
cheese,2.0
screen,2.0
salute,2.0
ol,2.0
tracks,2.0
romantic,2.0
nothin,2.0
everr,2.0
agreed,2.0
toast,2.0
ultimate,2.0
leave,2.0
country,2.0
episodes,2.0
slept,2.0
pool,2.0
shot,2.0
womp,1.0
superman,2.0
accomplished,2.0
killed,2.0
bob,2.0
chillaxing,2.0
says,2.0
yessir,2.0
trending,2.0
greaat,2.0
vista,1.0
ng,2.0
thnks,2.0
poor,2.0
ball,2.0
twitterverse,2.0
everyonee,2.0
partner,2.0
magnificent,2.0
perfe,2.0
experience,2.0
send,2.0
wished,2.0
musical,2.0
death,2.0
lead,2.0
saved,2.0
deserved,2.0
gloomy,2.0
mommys,2.0
saving,2.0
brought,2.0
leigh,2.0
daay,2.0
witty,2.0
per,2.0
sway,1.0
rachel,2.0
ni,2.0
amazes,2.0
congratss,2.0
everyday,2.0
entertained,2.0
dampen,2.0
appropriate,2.0
cobra,2.0
adding,2.0
happen,2.0
sweetheart,2.0
inspirational,2.0
team,2.0
messages,2.0
moring,2.0
unexpected,2.0
alex,2.0
mad,2.0
journey,2.0
entire,2.0
eh,2.0
angle,2.0
morrning,2.0
wee,2.0
jess,2.0
didnt,2.0
enjoyable,2.0
ours,2.0
pups,2.0
loveliness,2.0
children,2.0
genius,2.0
eat,2.0
drinks,2.0
gaskarth,2.0
princess,2.0
ba,2.0
cookies,2.0
hospital,2.0
turnout,2.0
stayed,2.0
favor,2.0
thanking,2.0
delight,2.0
everbody,2.0
ipod,2.0
men,2.0
wake,2.0
wonderfu,2.0
wins,2.0
albums,2.0
bloody,2.0
hehee,2.0
greeting,2.0
force,2.0
arrived,2.0
planned,2.0
dear,2.0
topics,2.0
economic,2.0
foods,2.0
queen,2.0
reason,2.0
tommy,2.0
aahh,2.0
wasnt,2.0
rockin,2.0
kudos,2.0
graduate,2.0
exited,2.0
page,2.0
pancakes,2.0
officially,2.0
distractions,2.0
lazy,2.0
decided,2.0
stack,2.0
shopping,2.0
havin,2.0
harmless,2.0
mc,2.0
hulu,2.0
doesnt,2.0
tears,2.0
subway,2.0
dark,2.0
fall,2.0
mamas,2.0
videos,2.0
ahead,2.0
ahaha,2.0
exist,2.0
conquered,2.0
safely,2.0
nic,2.0
ace,2.0
inspiration,2.0
review,2.0
hahahah,2.0
superb,2.0
starting,2.0
heavens,2.0
parents,2.0
itt,2.0
joyfull,2.0
lord,2.0
aim,2.0
practice,2.0
hopef,2.0
annoying,2.0
art,2.0
whom,2.0
background,2.0
acing,2.0
congratulation,2.0
treat,2.0
massage,2.0
traffic,1.0
line,2.0
turned,2.0
stronger,2.0
talking,2.0
tweeps,2.0
un,2.0
careful,2.0
dc,2.0
biggest,2.0
quality,2.0
endearing,2.0
handy,2.0
om,2.0
gre,2.0
child,2.0
baking,2.0
load,2.0
supernatural,2.0
pink,2.0
script,2.0
isnt,2.0
sm,2.0
xmen,2.0
aweso,2.0
rainy,2.0
theatre,2.0
hp,2.0
bles,2.0
loll,2.0
rich,2.0
crown,2.0
bright,2.0
degree,2.0
rooting,2.0
relaxin,2.0
wave,2.0
figured,2.0
college,2.0
refreshed,2.0
garden,2.0
title,2.0
uncle,2.0
lately,2.0
goin,2.0
opening,2.0
strong,2.0
survive,2.0
grown,2.0
wedding,2.0
front,2.0
bliss,2.0
palm,2.0
impose,2.0
conversation,2.0
golden,2.0
top,2.0
buddies,2.0
greatt,2.0
stoked,2.0
laughs,2.0
muah,2.0
brings,2.0
dreambears,2.0
iced,2.0
open,2.0
takes,2.0
praying,2.0
se,2.0
movies,2.0
seemed,2.0
denny,1.0
husband,2.0
nights,2.0
growing,2.0
complete,2.0
tool,2.0
tweeple,2.0
pride,2.0
spectacular,2.0
huh,2.0
windows,2.0
ts,2.0
prob,2.0
youre,2.0
bring,2.0
wifi,2.0
land,2.0
somebody,2.0
ja,2.0
zero,2.0
recovering,2.0
kill,2.0
beats,2.0
holy,2.0
stressed,2.0
congrat,2.0
twinz,1.0
cleared,2.0
someday,2.0
hella,2.0
tough,2.0
goodd,2.0
sleepy,2.0
ryan,2.0
forever,2.0
honestly,2.0
human,2.0
soldiers,2.0
ideas,2.0
deed,2.0
hurray,2.0
stomach,2.0
uni,2.0
sony,2.0
blogging,2.0
woke,2.0
peaceful,2.0
radio,2.0
pillow,2.0
beans,2.0
aint,2.0
patience,2.0
room,2.0
sad,2.0
greeat,2.0
cookie,2.0
fit,2.0
stressfree,2.0
hurts,2.0
crush,2.0
grand,2.0
calm,2.0
yeaah,2.0
winner,2.0
face,2.0
colorful,2.0
ere,2.0
aswell,2.0
babes,2.0
message,2.0
nine,2.0
sissy,2.0
overall,2.0
satisfied,2.0
needed,2.0
connection,2.0
blood,2.0
mu,2.0
white,2.0
round,2.0
comments,2.0
alot,2.0
milk,2.0
prefer,2.0
qu,2.0
twitterbugs,2.0
somehow,2.0
climb,2.0
bestie,2.0
soul,2.0
latest,2.0
minute,2.0
smooth,2.0
acting,2.0
without,2.0
guilty,2.0
ies,2.0
doin,2.0
besties,2.0
dash,2.0
calls,2.0
talkin,2.0
appreciat,2.0
mornin,2.0
inside,2.0
awes,2.0
ive,2.0
brazil,2.0
showers,2.0
wis,2.0
reports,2.0
others,2.0
stay,2.0
prosper,2.0
fortunately,2.0
mix,2.0
results,2.0
makin,2.0
hehehe,2.0
f,2.0
info,2.0
iloveyou,2.0
insane,2.0
lovelies,2.0
teacher,2.0
comfy,2.0
ds,2.0
soup,2.0
under,2.0
bride,2.0
gd,2.0
air,2.0
headache,2.0
relaxed,2.0
workout,2.0
predictable,2.0
female,2.0
watch,2.0
bes,2.0
simply,2.0
kickin,2.0
desktop,2.0
downtown,2.0
flick,2.0
gym,2.0
attack,2.0
awesom,2.0
solid,2.0
fella,2.0
reply,2.0
spend,2.0
mayer,2.0
legend,2.0
forth,2.0
energized,2.0
hurrah,2.0
guests,2.0
hate,2.0
icarly,2.0
vent,2.0
coo,2.0
chat,2.0
inspiring,2.0
piece,2.0
suck,2.0
correct,2.0
collection,2.0
cali,1.0
popularity,1.0
ome,1.0
cherished,1.0
coupons,1.0
momies,1.0
rubbing,1.0
grtsat,1.0
grabbing,1.0
waz,1.0
ble,1.0
waves,1.0
hills,1.0
potty,1.0
atm,1.0
sweaty,1.0
login,1.0
revive,1.0
haa,1.0
clair,1.0
crowded,1.0
shatter,1.0
perf,1.0
black,1.0
drizzle,1.0
studies,1.0
perfectly,1.0
prays,1.0
yaa,1.0
dumb,1.0
shirts,1.0
telling,1.0
mountains,1.0
hahahahahahahaa,1.0
polar,1.0
minted,1.0
secret,1.0
club,1.0
months,1.0
springfield,1.0
believed,1.0
terday,1.0
wrap,1.0
awesomely,1.0
paulo,1.0
rate,1.0
animated,1.0
feedback,1.0
cracking,1.0
enjoys,1.0
rolls,1.0
dancer,1.0
sushi,1.0
scout,1.0
gary,1.0
literally,1.0
photoshop,1.0
ri,1.0
international,1.0
sings,1.0
lazing,1.0
clutches,1.0
piggls,1.0
ordered,1.0
bath,1.0
shout,1.0
bands,1.0
commercials,1.0
daughtry,1.0
purate,1.0
native,1.0
tweethearts,1.0
depress,1.0
thn,1.0
ocean,1.0
forseeable,1.0
sleeping,1.0
pickles,1.0
camden,1.0
amma,1.0
thankies,1.0
hoped,1.0
mrs,1.0
wildflowers,1.0
table,1.0
lemon,1.0
aug,1.0
diet,1.0
offered,1.0
neemah,1.0
likee,1.0
faces,1.0
regular,1.0
ban,1.0
buzz,1.0
bound,1.0
tiny,1.0
ridin,1.0
enjoyi,1.0
viral,1.0
laugh.y,1.0
addicti,1.0
seattle,1.0
sincerely,1.0
cost,1.0
peolple,1.0
goonight,1.0
stuffs,1.0
wonderfur,1.0
bedroom,1.0
dope,1.0
migraine,1.0
strongly,1.0
charm,1.0
seniors,1.0
noting,1.0
bkk,1.0
ladiez,1.0
normally,1.0
hall,1.0
ck,1.0
concepts,1.0
lmfao,1.0
cricket,1.0
bestt,1.0
trend,1.0
eachother,1.0
parts,1.0
studying,1.0
ahahahahahahahaha,1.0
exact,1.0
explore,1.0
number,1.0
storms,1.0
moth,1.0
unbelievable,1.0
fu,1.0
discount,1.0
catchy,1.0
mindy,1.0
hahahahahahahahahahahaha,1.0
heck,1.0
boost,1.0
dippin,1.0
rieger,1.0
tummy,1.0
salad,1.0
screwing,1.0
guides,1.0
nervous,1.0
hottie,1.0
fries,1.0
bettering,1.0
nig,1.0
along,1.0
higher,1.0
overwheolming,1.0
combination,1.0
took,1.0
fuzzball,1.0
chattin,1.0
forgiving,1.0
funnily,1.0
blushing,1.0
decently,1.0
burbank,1.0
fabulo,1.0
slacking,1.0
dedicated,1.0
students,1.0
cruisey,1.0
sadness,1.0
xbox,1.0
moorree,1.0
roc,1.0
celebreting,1.0
grace,1.0
braggin,1.0
nanna,1.0
exicted,1.0
cleaner,1.0
butteflies,1.0
uch,1.0
award,1.0
rey,1.0
knowledge,1.0
moore,1.0
hahahahah,1.0
females,1.0
cheesey,1.0
nfg,1.0
oowwee,1.0
giggle,1.0
thorw,1.0
reds,1.0
everyon,1.0
noble,1.0
enlightened,1.0
intense,1.0
clapping,1.0
condolences,1.0
sensibility,1.0
timing,1.0
studio,1.0
shoesshoesshoes.yayyayyay.lol.i,1.0
ajc,1.0
newly,1.0
definitel,1.0
enthusiastic,1.0
sober,1.0
rubiks,1.0
useful,1.0
emma,1.0
scent,1.0
entrepreneurs,1.0
instead,1.0
smilin,1.0
fuckn,1.0
seas,1.0
hawaii,1.0
cmon,1.0
prett,1.0
blogs,1.0
romeo,1.0
whenever,1.0
brunch,1.0
curve,1.0
hass,1.0
todd,1.0
alison,1.0
ii,1.0
service,1.0
mall,1.0
skype,1.0
kid,1.0
kickbutt,1.0
mgmt,1.0
stroll,1.0
recently,1.0
hughes,1.0
bk,1.0
wholeheartedly,1.0
feelings,1.0
sweep,1.0
ending,1.0
concern,1.0
awesoome,1.0
handheld,1.0
girly,1.0
diagram,1.0
sb,1.0
plan,1.0
frappachinos,1.0
personally,1.0
ss,1.0
scan,1.0
gunna,1.0
kickass,1.0
nted,1.0
kelly,1.0
fell,1.0
assline,1.0
juz,1.0
antony,1.0
commercially,1.0
hmm.im,1.0
possible,1.0
dunkin,1.0
promises,1.0
hit,1.0
modern,1.0
lyrics,1.0
lovel,1.0
fp09,1.0
yep,1.0
chair,1.0
worl,1.0
rested,1.0
bmovie,1.0
greatly,1.0
donuts,1.0
racism,1.0
kadi,1.0
lego,1.0
cupcakes,1.0
visited,1.0
yuppie,1.0
ces,1.0
jeff,1.0
either,1.0
basement,1.0
alpine,1.0
bam,1.0
neglect,1.0
pants,1.0
bargain,1.0
duper,1.0
massacre,1.0
shooeess,1.0
funfunfun,1.0
knoow,1.0
shuffle,1.0
thankujesus,1.0
fail,1.0
convo,1.0
occasionally,1.0
waay,1.0
unplugging,1.0
pages,1.0
speedy,1.0
mozconcept,1.0
hobnobbed,1.0
nevermind,1.0
bud,1.0
mac,1.0
goodtimes,1.0
shade,1.0
thomas,1.0
liein,1.0
justice,1.0
yummyy,1.0
cheaper,1.0
stayathome,1.0
aptitude,1.0
improving,1.0
wives,1.0
superexcited,1.0
ellipital,1.0
hel,1.0
mornig,1.0
wtf,1.0
qt,1.0
cell,1.0
loser,1.0
sadly,1.0
hung,1.0
amazecore,1.0
bite,1.0
hopefuly,1.0
agai,1.0
anythig,1.0
amazzi,1.0
cycle,1.0
spin,1.0
favourites,1.0
finely,1.0
creativity,1.0
six,1.0
muaxx,1.0
carey,1.0
congrads,1.0
heads,1.0
crafty,1.0
difficult,1.0
surviving,1.0
cutee,1.0
broadway,1.0
mount,1.0
oxoxoteambreezy,1.0
fantabulous,1.0
butt,1.0
yuum,1.0
neve,1.0
dutch,1.0
url,1.0
sullivan,1.0
omigoodness,1.0
win1,1.0
cocktails,1.0
lauren,1.0
cb,1.0
props,1.0
twitters,1.0
waste,1.0
ghosts,1.0
teensthanks,1.0
paved,1.0
fee,1.0
humour,1.0
pal,1.0
crazier,1.0
before,1.0
breath,1.0
soothes,1.0
knocked,1.0
joyride,1.0
sat,1.0
passed,1.0
jobros,1.0
employee,1.0
cleaning,1.0
playlist,1.0
business,1.0
extra,1.0
thinker,1.0
battles,1.0
dreaaming,1.0
ashleigh,1.0
pervs,1.0
adults,1.0
transparency,1.0
delish,1.0
cipriano,1.0
chu,1.0
max,1.0
macbook,1.0
claire,1.0
eet,1.0
holidays,1.0
theirs,1.0
street,1.0
pooh,1.0
uninstall,1.0
favourtie,1.0
bonding,1.0
yoursel,1.0
azz,1.0
plce,1.0
board,1.0
stealth,1.0
lure,1.0
rep,1.0
fears,1.0
recharge,1.0
anywhere,1.0
ballerina,1.0
happily,1.0
podcast,1.0
earth,1.0
fold,1.0
tis,1.0
excuse,1.0
jaoo,1.0
ladie,1.0
goon,1.0
begin,1.0
gson,1.0
stuck,1.0
cook,1.0
hq,1.0
ake,1.0
niley,1.0
pop,1.0
whuahahhaha,1.0
places,1.0
comforting,1.0
heey,1.0
maroon,1.0
elementary,1.0
beautif,1.0
boyzz,1.0
thankyoou,1.0
kmf,1.0
shitload,1.0
trees,1.0
rays,1.0
jean,1.0
psst,1.0
letting,1.0
card,1.0
likey,1.0
shadow,1.0
incestuous,1.0
looved,1.0
couldnt,1.0
talkers,1.0
nds,1.0
lof,1.0
airconditioner,1.0
ood,1.0
indian,1.0
pleeassee,1.0
absolutly,1.0
fellow,1.0
lovey,1.0
nutritious,1.0
doughnuts,1.0
ore,1.0
till,1.0
society,1.0
prison,1.0
pleasur,1.0
except,1.0
luh,1.0
answer,1.0
steve,1.0
godamn,1.0
satisfaction,1.0
likable,1.0
xo,1.0
foreverr,1.0
editing,1.0
guud,1.0
bttr,1.0
swords,1.0
question,1.0
web,1.0
postin,1.0
aahaha,1.0
jokin,1.0
def,1.0
gl,1.0
ks,1.0
orgasmic,1.0
mish,1.0
gott,1.0
doubly,1.0
causes,1.0
ac,1.0
doc,1.0
steviej,1.0
kidding,1.0
halo,1.0
snuggled,1.0
goodb,1.0
precious,1.0
welc,1.0
gosh,1.0
wookieman,1.0
emm,1.0
shw,1.0
bett,1.0
goods,1.0
abeth,1.0
chin,1.0
cwpm,1.0
bun,1.0
efficient,1.0
accepted,1.0
robert,1.0
muc,1.0
jack,1.0
obviously,1.0
swe,1.0
feeding,1.0
conference,1.0
tango,1.0
hairdo,1.0
hut,1.0
thee,1.0
bea,1.0
boston,1.0
holly,1.0
ork,1.0
fact,1.0
pleasantly,1.0
forwar,1.0
dm,1.0
perform,1.0
tagers,1.0
lonley,1.0
intent,1.0
sneers,1.0
crosse,1.0
ilycecily,1.0
partytiime,1.0
lts,1.0
op,1.0
double,1.0
bestfriend,1.0
vita,1.0
mysore,1.0
commentary,1.0
ove,1.0
tiff,1.0
cooking,1.0
thanxs,1.0
tweetdeck,1.0
listenening,1.0
tafe,1.0
personified,1.0
qreat,1.0
overjoyed,1.0
jones,1.0
peek,1.0
kew,1.0
yyoouu,1.0
sumptuous,1.0
tyvm,1.0
twitmama,1.0
yall,1.0
calming,1.0
eld,1.0
acs,1.0
lindsay,1.0
situational,1.0
ski,1.0
velvet,1.0
expert,1.0
minnesota,1.0
pix,1.0
cycling,1.0
hooping,1.0
freaak,1.0
laavly,1.0
ikr,1.0
rants,1.0
although,1.0
designers,1.0
joyologist,1.0
used,1.0
teased,1.0
teens,1.0
successfully,1.0
birmingham,1.0
omfg,1.0
eyes,1.0
britains,1.0
drew,1.0
nder,1.0
quotess,1.0
buying,1.0
prep,1.0
anniversary,1.0
dandy,1.0
uh,1.0
wind,1.0
plis,1.0
trumps,1.0
youth,1.0
attics,1.0
problemo,1.0
hott,1.0
awake,1.0
thankf,1.0
guessing,1.0
awwh,1.0
knowing,1.0
dis,1.0
nicer,1.0
contacts,1.0
maryland,1.0
nikkie,1.0
hat,1.0
oven,1.0
park,1.0
accept,1.0
duber,1.0
wrote,1.0
hee,1.0
proving,1.0
lovers,1.0
eternally,1.0
ruin,1.0
itself,1.0
bonjour,1.0
dealz,1.0
twitting,1.0
stunning,1.0
shannon,1.0
iloveyoutwo,1.0
thoughh,1.0
reborn,1.0
dodgers,1.0
desserts,1.0
basket,1.0
rained,1.0
girlfriend,1.0
competition.hope,1.0
comics,1.0
lamps,1.0
tanning,1.0
beat,1.0
artists,1.0
damjust,1.0
occasion,1.0
patient,1.0
hardcore,1.0
recovery,1.0
british,1.0
thru,1.0
cheerios,1.0
generally,1.0
joanna,1.0
amazee,1.0
ima,1.0
yey,1.0
coz,1.0
confusion,1.0
looves,1.0
dangg,1.0
lived,1.0
impossible,1.0
july,1.0
exactly,1.0
goodnit,1.0
aiming,1.0
hahaa,1.0
spread,1.0
scratch,1.0
million,1.0
um,1.0
shirt,1.0
begonia,1.0
rockstars,1.0
thaanks,1.0
providence,1.0
enthused,1.0
dublin,1.0
sometime,1.0
geek,1.0
thoughts,1.0
florence,1.0
unny,1.0
deals,1.0
needles,1.0
weeks,1.0
character,1.0
lebron,1.0
chweet,1.0
bhaaji,1.0
twi,1.0
chick,1.0
cooked,1.0
bev,1.0
friendster,1.0
roadtrip,1.0
altered,1.0
stupid,1.0
bahah,1.0
competition,1.0
peopl,1.0
uld,1.0
restful,1.0
walking,1.0
iight,1.0
quesadiaas,1.0
okayy,1.0
wd,1.0
woowoo,1.0
means,1.0
distracted,1.0
smell,1.0
horrible,1.0
journalism,1.0
anita,1.0
cinnamon,1.0
rad,1.0
cs,1.0
thxx,1.0
latte,1.0
dismissed,1.0
amazning,1.0
gratitude,1.0
whahahah,1.0
motherss,1.0
generates,1.0
steady,1.0
machine,1.0
canada,1.0
oth,1.0
twits,1.0
hopeful,1.0
interviews,1.0
yeahh,1.0
race,1.0
mi.thru,1.0
su,1.0
shawna,1.0
sto,1.0
ls,1.0
christian,1.0
kirk,1.0
electro,1.0
usually,1.0
france,1.0
swedish,1.0
adoption,1.0
addicts,1.0
beckett,1.0
slippers,1.0
dk,1.0
ish,1.0
eftelingfun,1.0
translated,1.0
teeth,1.0
papa,1.0
italian,1.0
effective,1.0
battle,1.0
match,1.0
mummyy,1.0
luvin,1.0
elleay,1.0
doctors,1.0
utterly,1.0
beginning,1.0
wear,1.0
greastest,1.0
strawberry,1.0
horses,1.0
mindless,1.0
cousins,1.0
parties,1.0
stole,1.0
entertainment,1.0
overthetop,1.0
stadium,1.0
budget,1.0
lingerie,1.0
hilaarious,1.0
wonder,1.0
hve,1.0
fake,1.0
heal,1.0
envy,1.0
presents,1.0
golf,1.0
mains,1.0
gmornin,1.0
loveu,1.0
pr,1.0
questions,1.0
annoy,1.0
josie,1.0
purrtty,1.0
sweeney,1.0
cent,1.0
skillz,1.0
unproductive,1.0
sundays,1.0
description,1.0
spirit,1.0
swear,1.0
herbs,1.0
og,1.0
benjamin,1.0
wealthy,1.0
sesh,1.0
blo,1.0
dish,1.0
muchdeserved,1.0
edited,1.0
followed,1.0
whispering,1.0
hva,1.0
appology,1.0
fest,1.0
twenty,1.0
scones,1.0
hahahha,1.0
spell,1.0
paranoif,1.0
town,1.0
imma,1.0
relief,1.0
patricia,1.0
daughter,1.0
life.love.stress,1.0
congratulatory,1.0
modeling,1.0
graders,1.0
lewis,1.0
shining,1.0
xuxu,1.0
welldeserved,1.0
bothe,1.0
fortunate,1.0
personalit,1.0
swimming,1.0
specials,1.0
kurt,1.0
met,1.0
architect,1.0
button,1.0
greaatt,1.0
wii,1.0
sup,1.0
predicted,1.0
apps,1.0
adam,1.0
chutz,1.0
giving,1.0
reminds,1.0
names,1.0
gotten,1.0
fx,1.0
begining,1.0
ahahaha,1.0
a.wish,1.0
rex,1.0
audience,1.0
agreeab,1.0
awesomeily,1.0
darkest,1.0
overr,1.0
fb,1.0
happydance,1.0
luvv,1.0
champs,1.0
imagine,1.0
ahd,1.0
workshop,1.0
fansite,1.0
mostly,1.0
tweepsland,1.0
seuss,1.0
celebrity,1.0
cristo,1.0
pissed,1.0
spoke,1.0
stops,1.0
britians,1.0
carrie,1.0
sunfay,1.0
candy,1.0
safari,1.0
cats,1.0
ging,1.0
dvr,1.0
squeeze,1.0
shine,1.0
across,1.0
chip,1.0
charming,1.0
suggestions,1.0
unsettled,1.0
bigger,1.0
methings,1.0
influence,1.0
frapp,1.0
excite,1.0
worked,1.0
characters,1.0
tease,1.0
scenie,1.0
minds,1.0
hotness,1.0
prices,1.0
pay,1.0
bisquick,1.0
whack,1.0
bonfires,1.0
jummy,1.0
majors,1.0
wohoo,1.0
fixed,1.0
drems,1.0
headsup,1.0
wink,1.0
gorgeou,1.0
bubble,1.0
realized,1.0
miche,1.0
thumbs,1.0
model,1.0
exhilerating,1.0
inspire,1.0
twittering,1.0
yahh,1.0
tatasky,1.0
crikey,1.0
brad,1.0
lexus,1.0
hahahahahahaha,1.0
continue,1.0
copy,1.0
lily,1.0
beautifuul,1.0
blackberry,1.0
airtel,1.0
chilliin,1.0
maki,1.0
riot,1.0
shweet,1.0
motivation,1.0
sydney,1.0
subo,1.0
timberlake,1.0
challenge,1.0
ingis,1.0
amazingj,1.0
resist,1.0
shared,1.0
serenading,1.0
tour,1.0
hunny,1.0
upcoming,1.0
blasting,1.0
member,1.0
luvly,1.0
confit,1.0
cathylofran,1.0
uk,1.0
craz,1.0
considerably,1.0
benefiting,1.0
ro,1.0
innocence,1.0
pie,1.0
limo,1.0
homeless,1.0
angela,1.0
advance,1.0
heartwarming,1.0
mode,1.0
reasonable,1.0
lisa,1.0
whatev,1.0
finale,1.0
favs,1.0
gossip,1.0
rec,1.0
achievement,1.0
tongue,1.0
needs,1.0
gmail,1.0
adopt,1.0
preciate,1.0
homely,1.0
picnic,1.0
elmo,1.0
shaven,1.0
aaww,1.0
paranthas,1.0
aunt,1.0
nah,1.0
emotional,1.0
staying,1.0
perhaps,1.0
laughter,1.0
chrissy,1.0
system,1.0
lose,1.0
mitchel,1.0
sweat,1.0
poppin,1.0
wisely,1.0
eventful,1.0
rendered,1.0
hill,1.0
midterms,1.0
fare,1.0
gazing,1.0
treasures,1.0
woomp,1.0
longg,1.0
turning,1.0
hong,1.0
welcom,1.0
inherent,1.0
est,1.0
sumone,1.0
muchly,1.0
einstein,1.0
minus,1.0
deserves,1.0
dodger,1.0
miller,1.0
yal,1.0
pictur,1.0
mickey,1.0
placement,1.0
marathon,1.0
yeay,1.0
skills,1.0
coffe,1.0
fml,1.0
betterr,1.0
mentioned,1.0
goosebumps,1.0
quess,1.0
festive,1.0
reviewing,1.0
lights,1.0
euphori,1.0
hr,1.0
afraidiowe,1.0
celebrated,1.0
formidable,1.0
othaa,1.0
handbags,1.0
exctied,1.0
ashlie,1.0
private,1.0
blown,1.0
carry,1.0
dresses,1.0
tentside,1.0
thingy,1.0
suppo,1.0
mothe,1.0
appreci,1.0
matters,1.0
lifeline,1.0
giggles,1.0
hurr,1.0
giants,1.0
blankets,1.0
hahahahahahahahahah,1.0
laterz,1.0
performance,1.0
offensive,1.0
motiva,1.0
mcr,1.0
happened,1.0
blackberr,1.0
fullpage,1.0
recommen,1.0
raven,1.0
thankss,1.0
goal,1.0
slow,1.0
behave,1.0
route,1.0
rescue,1.0
confirmation,1.0
bears,1.0
bottle,1.0
brightly,1.0
forest,1.0
dollhouse,1.0
yard,1.0
recycling,1.0
dr,1.0
joan,1.0
andy,1.0
each,1.0
exspecially,1.0
witness,1.0
jane,1.0
bathroom,1.0
gettin,1.0
missinmydgbigtyme,1.0
geeky,1.0
fuunn,1.0
gnimorning,1.0
meadowbank,1.0
welcomed,1.0
aweesome,1.0
bastos,1.0
three,1.0
qualifying,1.0
coraline,1.0
absolutel,1.0
graceful,1.0
putting,1.0
tweethug,1.0
sa,1.0
frown,1.0
blowin,1.0
adoring,1.0
romance,1.0
murphys,1.0
torchwood,1.0
promo,1.0
bugs,1.0
mike,1.0
worr,1.0
sit,1.0
wed,1.0
doesn,1.0
thas,1.0
beaches,1.0
woulda,1.0
hahahahaha,1.0
generations,1.0
charlie,1.0
diana,1.0
singing,1.0
holla,1.0
excitement,1.0
television,1.0
taken,1.0
funnyy,1.0
rescued,1.0
puts,1.0
mandy,1.0
mommas,1.0
toni,1.0
lovingly,1.0
youregreat,1.0
hanson,1.0
paisley,1.0
daddio,1.0
os,1.0
taquito,1.0
cinema,1.0
crane,1.0
mindblowi,1.0
pull,1.0
humility,1.0
savechuck,1.0
score,1.0
jewelry,1.0
anna,1.0
s2,1.0
toolbar,1.0
cousin,1.0
guitars,1.0
ironclad,1.0
tune,1.0
judday,1.0
los,1.0
iloveyopu,1.0
ther,1.0
avid,1.0
wmiad,1.0
tarblack,1.0
article,1.0
kenan,1.0
dinners,1.0
pointing,1.0
died,1.0
argue,1.0
fanmail,1.0
birthdayy,1.0
calms,1.0
hada,1.0
usefu,1.0
moral,1.0
state,1.0
midnite,1.0
heater,1.0
partyy,1.0
common,1.0
focused,1.0
balancing,1.0
straw,1.0
usern,1.0
diane,1.0
heartedly,1.0
nose,1.0
payday,1.0
whohoo,1.0
delightful,1.0
spcn,1.0
turn,1.0
viewing,1.0
grr,1.0
eye,1.0
quiz,1.0
spider,1.0
battery,1.0
yays,1.0
keepin,1.0
juss,1.0
thks,1.0
ally,1.0
bask,1.0
pills,1.0
precise,1.0
wise,1.0
grandma,1.0
screamin,1.0
badluck,1.0
fur,1.0
cd,1.0
bouquets,1.0
faster,1.0
haahaa,1.0
tataindicom,1.0
iz,1.0
crucial,1.0
summat,1.0
downloaded,1.0
representing,1.0
piss,1.0
rs,1.0
fillings,1.0
contradiction,1.0
racers,1.0
half,1.0
ee,1.0
frappuccino,1.0
served,1.0
snack,1.0
rul,1.0
kills,1.0
shouldve,1.0
wkend,1.0
summe,1.0
producers,1.0
sho,1.0
facepanda,1.0
bball,1.0
ruled,1.0
scifi,1.0
atmosphere,1.0
e.r,1.0
spelt,1.0
designer,1.0
goodnights,1.0
pass,1.0
lonely,1.0
wel,1.0
nba,1.0
pai,1.0
bffs,1.0
awaiting,1.0
toronto,1.0
junction,1.0
tooz,1.0
develop,1.0
wishh,1.0
mochas,1.0
illuminated,1.0
merlin,1.0
applebees,1.0
presentation,1.0
missus,1.0
wuz,1.0
honour,1.0
plans,1.0
earned,1.0
proves,1.0
sgb,1.0
fond,1.0
spanish,1.0
toda,1.0
enjoye,1.0
heaps,1.0
greet,1.0
vegetable,1.0
gaga,1.0
ver,1.0
sum,1.0
sqeaky,1.0
rio,1.0
evie,1.0
africa,1.0
hunting,1.0
noo,1.0
king,1.0
favorites,1.0
checked,1.0
math,1.0
luvd,1.0
aroun,1.0
lif,1.0
admitting,1.0
favorit,1.0
flirt,1.0
keen,1.0
yoouu,1.0
terms,1.0
awh,1.0
booked,1.0
concur,1.0
realize,1.0
hapee,1.0
diva,1.0
greetings,1.0
sheffield,1.0
doo,1.0
hone,1.0
left,1.0
revision,1.0
samantha,1.0
audacious,1.0
actions,1.0
knows,1.0
hopw,1.0
sugar,1.0
water,1.0
animation,1.0
webkit,1.0
yer,1.0
sticker,1.0
twenty20,1.0
bobbi,1.0
rafferty,1.0
humble,1.0
archuleta,1.0
ended,1.0
bc,1.0
lavender,1.0
jazzercise,1.0
wit,1.0
twitfam,1.0
njoying,1.0
thaank,1.0
pril,1.0
summerr,1.0
pleease,1.0
amazed,1.0
frankie,1.0
esp,1.0
pranks,1.0
sonetime,1.0
mainstream,1.0
william,1.0
fever,1.0
sum1,1.0
slouchy,1.0
intrigued,1.0
wango,1.0
amazingg,1.0
dates,1.0
taxi,1.0
crawl,1.0
gee,1.0
palmade,1.0
hardly,1.0
el,1.0
direction,1.0
ruby,1.0
china,1.0
yayay,1.0
reminders,1.0
fruits,1.0
slush,1.0
prize,1.0
msning,1.0
custard,1.0
sixth,1.0
hai,1.0
pack,1.0
lloovvee,1.0
ys,1.0
idol,1.0
meal,1.0
nope,1.0
mayb,1.0
gtgs,1.0
witchu,1.0
mannes,1.0
day.every,1.0
during,1.0
mothrs,1.0
doll,1.0
flo,1.0
bills,1.0
avatar,1.0
contain,1.0
funpacked,1.0
distract,1.0
considering,1.0
angel,1.0
peeing,1.0
orignal,1.0
wowthanks,1.0
often,1.0
wonderfully,1.0
lynne,1.0
barnes,1.0
gambit,1.0
touchin,1.0
pure,1.0
chica,1.0
bret,1.0
swag,1.0
fiasco,1.0
puppyy,1.0
slice,1.0
vibes,1.0
chocolates,1.0
succesful,1.0
pounds,1.0
softball,1.0
topic,1.0
forsure,1.0
senior,1.0
vs2003,1.0
magic,1.0
prayin,1.0
suggest,1.0
systems,1.0
scrabbled,1.0
leah,1.0
girlfriends,1.0
ons,1.0
thoughtful,1.0
congratuations,1.0
wom,1.0
emails,1.0
fintster,1.0
athletes,1.0
xoxo,1.0
aracheologist,1.0
alaskaso,1.0
gu,1.0
revel,1.0
birdy,1.0
allmothers,1.0
darling,1.0
capture,1.0
whoop,1.0
karma,1.0
decorated,1.0
planet,1.0
ers,1.0
apart,1.0
played,1.0
cherry,1.0
rst,1.0
aced,1.0
pasty,1.0
br,1.0
sales,1.0
muses,1.0
puppies,1.0
shifts,1.0
lotion,1.0
phenomenal,1.0
guy.but,1.0
tigers,1.0
wierd,1.0
cautious,1.0
laid,1.0
plural,1.0
thatwouldmake1of,1.0
sufficient,1.0
surprised,1.0
complain,1.0
otes,1.0
af,1.0
xxloser,1.0
crying,1.0
noiice,1.0
enthusiasm,1.0
jemi,1.0
massive,1.0
bahamas,1.0
opi,1.0
ow,1.0
hairss,1.0
rejoice,1.0
darlin,1.0
sl,1.0
pick,1.0
excitin,1.0
rise,1.0
contentment,1.0
promising,1.0
phones,1.0
every1,1.0
annivarsary,1.0
spotify,1.0
ats,1.0
discrimination,1.0
lovies,1.0
recos,1.0
unique,1.0
alenka,1.0
eatin,1.0
goat,1.0
bruises,1.0
poet,1.0
believes,1.0
queens,1.0
lvoe,1.0
traveling,1.0
efteling,1.0
strings,1.0
picturisation,1.0
thors,1.0
jen,1.0
lurvee,1.0
negativity,1.0
setup,1.0
toys,1.0
allen,1.0
audition,1.0
sund,1.0
proper,1.0
luch,1.0
convenient,1.0
eaat,1.0
j,1.0
clea,1.0
pomchi,1.0
lighten,1.0
johnsons,1.0
thar,1.0
aha,1.0
supposed,1.0
forget,1.0
tiptop,1.0
jay,1.0
cars,1.0
combonations,1.0
crus,1.0
dying,1.0
statements,1.0
arrival,1.0
lambert,1.0
imo,1.0
valiantly,1.0
summaa,1.0
ripped,1.0
goodmoring,1.0
predict,1.0
bestest,1.0
depr,1.0
hughesy,1.0
belong,1.0
mushymushy,1.0
stinkin,1.0
mighty,1.0
green.im,1.0
monster,1.0
email,1.0
owls,1.0
differe,1.0
past,1.0
encourage,1.0
bs,1.0
toss,1.0
wearing,1.0
sweatshirt,1.0
cinematography,1.0
cozy,1.0
kittykis,1.0
priced,1.0
threshold,1.0
whee,1.0
serious,1.0
easily,1.0
commence,1.0
lack,1.0
fij,1.0
omgsh,1.0
editions,1.0
amazing.please,1.0
alwas,1.0
note,1.0
srsly,1.0
ring,1.0
dundee,1.0
homemade,1.0
touche,1.0
called,1.0
learning,1.0
msgs,1.0
heheh,1.0
lakers,1.0
msg,1.0
cities,1.0
tomarrow,1.0
languishing,1.0
dishes,1.0
bass,1.0
flow,1.0
savv,1.0
doown,1.0
sickness,1.0
hysterical,1.0
determination,1.0
recogn,1.0
heavenn,1.0
flattened,1.0
onion,1.0
olympic,1.0
willing,1.0
roar,1.0
mouth,1.0
roots,1.0
nonmothers,1.0
hrdest,1.0
ost,1.0
stereos,1.0
settling,1.0
quotes,1.0
season,1.0
ladyfriend,1.0
realistic,1.0
korea,1.0
proposed,1.0
above,1.0
heading,1.0
jumps,1.0
hilariously,1.0
somewhat,1.0
comforts,1.0
worried,1.0
renouncing,1.0
violently,1.0
sitting,1.0
device,1.0
backpack,1.0
champions,1.0
anny,1.0
fukin,1.0
noticed,1.0
belinda,1.0
twitterr,1.0
ikea,1.0
text,1.0
process,1.0
motherdaughters,1.0
blow,1.0
vintage,1.0
interview,1.0
waikiki,1.0
californi,1.0
audio,1.0
chillaxin,1.0
sxx2,1.0
dat,1.0
beyebles,1.0
butter,1.0
planting,1.0
foreword,1.0
smacked,1.0
meaningful,1.0
agh,1.0
crack,1.0
hopefull,1.0
portfolio,1.0
warmly,1.0
g00d,1.0
importantly,1.0
awesomest,1.0
happymothersday,1.0
space,1.0
eve,1.0
contribute,1.0
lcd,1.0
gla,1.0
yippiee,1.0
tricked,1.0
recept,1.0
sore,1.0
form,1.0
philly,1.0
mornining,1.0
amount,1.0
code,1.0
in34,1.0
librefm,1.0
travelling,1.0
wakeup,1.0
ease,1.0
classics,1.0
whine,1.0
creative,1.0
arranged,1.0
blackberries,1.0
rescuers,1.0
importan,1.0
killer,1.0
twitts,1.0
rivers,1.0
culture,1.0
argentina,1.0
falling,1.0
appropriately,1.0
handles,1.0
iloveyouu,1.0
sent,1.0
ple,1.0
consider,1.0
bates,1.0
humor,1.0
wereld,1.0
alcohol,1.0
loop,1.0
chaperone,1.0
meditate,1.0
asking,1.0
begins,1.0
lemonade,1.0
luckiest,1.0
lost,1.0
shudve,1.0
aamazing,1.0
dads,1.0
vid,1.0
cambs,1.0
swift,1.0
techno,1.0
showw,1.0
sits,1.0
carolina,1.0
ends,1.0
wayne,1.0
victory,1.0
ap,1.0
quit,1.0
suppose,1.0
summers,1.0
classy,1.0
ericsson,1.0
fastest,1.0
goodies,1.0
jk,1.0
vip,1.0
peeps,1.0
chan,1.0
az,1.0
frosting,1.0
intelligence,1.0
turns,1.0
cavs,1.0
wayy,1.0
goosh,1.0
doable,1.0
total,1.0
tremendously,1.0
pav,1.0
healing,1.0
yee,1.0
fanclub,1.0
master,1.0
minutes,1.0
grri,1.0
horror,1.0
brightens,1.0
nest,1.0
teaching,1.0
lorraine,1.0
nuts,1.0
remote,1.0
danger,1.0
cos,1.0
b4,1.0
overwhelmi,1.0
alexander,1.0
embracing,1.0
bull,1.0
spongebo,1.0
interracial,1.0
offer,1.0
snuggle,1.0
bitbetter,1.0
terri,1.0
gurrl,1.0
ra,1.0
wknd,1.0
gmorning,1.0
mysterio,1.0
ilovemymommy,1.0
expecting,1.0
sorors,1.0
jump,1.0
points,1.0
auntie,1.0
discover,1.0
ultra,1.0
martin,1.0
inxs,1.0
tomor,1.0
flat,1.0
shelves,1.0
lying,1.0
praising,1.0
fusion,1.0
dogs,1.0
freddie,1.0
hamptons,1.0
absolute,1.0
gutted,1.0
pictures,1.0
promenade,1.0
pain,1.0
whooaa,1.0
married,1.0
other,1.0
sequels,1.0
reward,1.0
twitterland,1.0
prego,1.0
excit,1.0
appointments,1.0
afterall,1.0
learned,1.0
letters,1.0
camera,1.0
funnier,1.0
lyk,1.0
using,1.0
underwood,1.0
rents,1.0
bown,1.0
disappoint,1.0
blank,1.0
wrestlefest,1.0
awesomeupdater,1.0
croissant,1.0
excelle,1.0
briliant,1.0
hook,1.0
step,1.0
straight,1.0
volumes,1.0
ben,1.0
groups,1.0
invention,1.0
tuner,1.0
invisible,1.0
north,1.0
theyve,1.0
duck,1.0
macdonalds,1.0
felted,1.0
camp,1.0
delicio,1.0
realx,1.0
cheered,1.0
architecture,1.0
tests,1.0
voted,1.0
hits,1.0
ult,1.0
major,1.0
ahahah,1.0
crispies,1.0
named,1.0
gnite,1.0
prizes,1.0
premium,1.0
nobody,1.0
animals,1.0
student,1.0
mus,1.0
wat,1.0
twin,1.0
joeman,1.0
sarah,1.0
foot,1.0
becoming,1.0
aswered,1.0
sweetdreams,1.0
wonderfull,1.0
hawt,1.0
gw,1.0
whered,1.0
status,1.0
entirely,1.0
hahahahahaha,1.0
freak,1.0
everton,1.0
apparently,1.0
infamous,1.0
matte,1.0
split,1.0
bak,1.0
wooww,1.0
whit,1.0
prejudice,1.0
pm,1.0
bu,1.0
toke,1.0
funty,1.0
medicine,1.0
mami,1.0
untill,1.0
everone,1.0
pattinson,1.0
neighborhood,1.0
wowyou,1.0
mvp,1.0
chopped,1.0
xoxox,1.0
sisters,1.0
lovees,1.0
ubunt,1.0
toy,1.0
whisked,1.0
dentists,1.0
dirty,1.0
gameresearching,1.0
stage,1.0
beatiful,1.0
craziness,1.0
ne,1.0
woman,1.0
completed,1.0
tablets,1.0
fatigue,1.0
sight,1.0
forgot,1.0
pwn3d,1.0
cross,1.0
outta,1.0
itching,1.0
hahahahahahahahahahahahaha,1.0
greek,1.0
particularly,1.0
computer,1.0
shinning,1.0
yeayy,1.0
lovess,1.0
pulling,1.0
faires,1.0
aussie,1.0
virtue,1.0
ju,1.0
boss,1.0
dimple,1.0
cleveland,1.0
sleepin,1.0
amused,1.0
weeds,1.0
storming,1.0
dan,1.0
network,1.0
increasingly,1.0
motiv,1.0
bang,1.0
provoking,1.0
frie,1.0
flavors,1.0
kean,1.0
injury,1.0
skip,1.0
mong,1.0
arrive,1.0
president,1.0
yahoo,1.0
drove,1.0
penalty,1.0
weathers,1.0
argument,1.0
replay,1.0
heather,1.0
socialising,1.0
york,1.0
funniset,1.0
transfer,1.0
gilbert,1.0
momsen,1.0
plays,1.0
sunlight,1.0
del,1.0
sort,1.0
cassie,1.0
quo,1.0
vegan,1.0
viable,1.0
unconditonally,1.0
box,1.0
hapy,1.0
gh,1.0
sw,1.0
brand,1.0
uot,1.0
amanda,1.0
bombb,1.0
kindred,1.0
doubt,1.0
earlierr,1.0
carefree,1.0
rb,1.0
ebm,1.0
lunching,1.0
receive,1.0
enlightening,1.0
purple,1.0
sharon,1.0
chicago,1.0
venues,1.0
behind,1.0
familiar,1.0
goodgirl,1.0
jellybeaniess,1.0
grad,1.0
recipe,1.0
dru,1.0
ondemand,1.0
freedom,1.0
wolverine,1.0
everyond,1.0
nun,1.0
snob,1.0
story,1.0
mcfly,1.0
standard,1.0
selection,1.0
app,1.0
macarena,1.0
badumtish,1.0
interessanter,1.0
happens,1.0
cu,1.0
cravings,1.0
created,1.0
bwahaha,1.0
ge,1.0
nashville,1.0
admire,1.0
glitch,1.0
honor,1.0
ye,1.0
comeback,1.0
picking,1.0
articles,1.0
fiance,1.0
rove,1.0
community,1.0
spiced,1.0
twitterville,1.0
stressors,1.0
tweeters,1.0
defo,1.0
sweeter,1.0
nan,1.0
subject,1.0
sensible,1.0
ilove,1.0
arrangement,1.0
oll,1.0
qirlsniqhtout,1.0
yeahhyaa,1.0
mommie,1.0
pampering,1.0
trillin,1.0
chicky,1.0
das,1.0
add,1.0
nippy,1.0
ways,1.0
suggesting,1.0
composition,1.0
randomly,1.0
basketball,1.0
luke,1.0
including,1.0
allowed,1.0
monumental,1.0
longer,1.0
environment,1.0
research,1.0
hangin,1.0
obession,1.0
morris,1.0
hayes,1.0
highlight,1.0
adriana,1.0
zoo,1.0
relaxation,1.0
leaving,1.0
smuts,1.0
sentimental,1.0
awessomee,1.0
weekends,1.0
sheath,1.0
fantastical,1.0
uve,1.0
soft,1.0
awhile,1.0
ticket,1.0
suggestion,1.0
sisa,1.0
pace,1.0
aches,1.0
comic,1.0
reflecting,1.0
peppermint,1.0
enjoyyitverymu,1.0
twitskies,1.0
partied,1.0
photoshoot,1.0
fl,1.0
wort,1.0
inlove,1.0
reeheally,1.0
badly,1.0
awarded,1.0
sling,1.0
cigarette,1.0
prayers,1.0
akin,1.0
edgefesst,1.0
states,1.0
decision,1.0
congradts,1.0
downturn,1.0
rum,1.0
nyappy,1.0
ce,1.0
engineer,1.0
greater,1.0
models,1.0
bookmarked,1.0
yourock,1.0
gob,1.0
blockbuster,1.0
eagles,1.0
mash,1.0
manly,1.0
uber,1.0
urs,1.0
gudluck,1.0
result,1.0
cooloorss,1.0
sparkling,1.0
ns,1.0
olive,1.0
aze,1.0
memorize,1.0
finish,1.0
smoothness,1.0
fuschia,1.0
balls,1.0
in_love,1.0
wrapped,1.0
bagel,1.0
lad,1.0
neck,1.0
winners,1.0
wathing,1.0
iloveyoumoree,1.0
readyy,1.0
cover,1.0
mesmerizing,1.0
sass,1.0
pumps,1.0
price,1.0
tonsils,1.0
mocha,1.0
sons,1.0
kong,1.0
ahmazing,1.0
fi,1.0
serendipity,1.0
understandable,1.0
winks,1.0
definition,1.0
cancel,1.0
promised,1.0
greentea,1.0
janis,1.0
slovakian,1.0
cubiclefreedomness,1.0
thrilling,1.0
rummage,1.0
indiana,1.0
gifts,1.0
courtesy,1.0
evangelizing,1.0
rosie,1.0
optimistic,1.0
bggeting,1.0
disappointed,1.0
jumpy,1.0
dressing,1.0
moving,1.0
sensation,1.0
britain,1.0
bankholiday,1.0
exceeded,1.0
cologne,1.0
monte,1.0
junior,1.0
neeww,1.0
case,1.0
seats,1.0
dreading,1.0
neither,1.0
pulls,1.0
diy,1.0
schoolbooks,1.0
film,1.0
medley,1.0
bringing,1.0
local,1.0
mitch,1.0
exciteedd,1.0
hottest,1.0
ey,1.0
host,1.0
brain,1.0
hangover,1.0
opaqueness,1.0
rig,1.0
genre,1.0
barets,1.0
auction,1.0
comment,1.0
progressive,1.0
loads,1.0
lovve,1.0
secure,1.0
celebrities,1.0
willdo,1.0
usual,1.0
delcious,1.0
reminderthx,1.0
version,1.0
amigo,1.0
cuteset,1.0
laave,1.0
rite,1.0
felicia,1.0
opposed,1.0
omgg,1.0
reunited,1.0
via,1.0
norwood,1.0
nicley,1.0
tls,1.0
endorsement,1.0
lifts,1.0
fcs,1.0
jackets,1.0
jake,1.0
tonig,1.0
proctor,1.0
footage,1.0
resturant,1.0
comedian,1.0
gear,1.0
colossal,1.0
situations,1.0
sumtime,1.0
period,1.0
corrected,1.0
situation,1.0
thanku,1.0
loveliest,1.0
whoohoo,1.0
fac,1.0
clearing,1.0
revising,1.0
hoilday,1.0
nvr,1.0
terrific,1.0
active,1.0
tones,1.0
rc,1.0
everywhere,1.0
fillin,1.0
own,1.0
lazying,1.0
flies,1.0
approve,1.0
amber,1.0
jam,1.0
asted,1.0
hobby,1.0
followfriday,1.0
cue,1.0
brudder,1.0
okok,1.0
lovebank,1.0
broadband,1.0
jt,1.0
mayday,1.0
myfri,1.0
itus,1.0
pointless,1.0
coolio,1.0
joe,1.0
brownie,1.0
closer,1.0
despite,1.0
bacardi,1.0
paid,1.0
charmingly,1.0
sta,1.0
sh,1.0
surpri,1.0
distraction,1.0
madly,1.0
lipstic,1.0
holyy,1.0
tuition,1.0
sauce,1.0
blogtv,1.0
jamie,1.0
adoarble,1.0
upgraded,1.0
oohh,1.0
hap,1.0
became,1.0
varsity,1.0
hu,1.0
felt,1.0
jensen,1.0
amazinq,1.0
lover,1.0
scared,1.0
riveting,1.0
freed,1.0
finding,1.0
controls,1.0
parallel,1.0
strawberries,1.0
girlie,1.0
survey,1.0
fairly,1.0
nks,1.0
damon,1.0
payne,1.0
gluten,1.0
since,1.0
vote,1.0
stick,1.0
autumn,1.0
kudo,1.0
women,1.0
mart,1.0
lmfaoo,1.0
earn,1.0
screwed,1.0
lautner,1.0
returning,1.0
fullterm,1.0
entertain,1.0
glamorous,1.0
pleasee,1.0
speedo,1.0
manage,1.0
wkp,1.0
ep,1.0
combo,1.0
ceramic,1.0
meds,1.0
pattern,1.0
faves,1.0
keyboard,1.0
passion,1.0
chats,1.0
answered,1.0
technical,1.0
compliments,1.0
birdies,1.0
ammazing,1.0
bws,1.0
probable,1.0
